timestamp,pm1,pm4,pm25,pm10,n05,n1,n25,n4,n10,tps
2023-11-23 02:22:47,1.2,1.8,1.6,1.9,7.9,9.5,9.8,9.8,9.8,0.7
2023-11-23 02:22:48,1.2,1.8,1.6,1.9,7.8,9.4,9.7,9.7,9.8,0.7
2023-11-23 02:22:49,1.2,1.7,1.5,1.9,7.7,9.3,9.6,9.6,9.6,0.7
2023-11-23 02:22:50,1.2,1.7,1.5,1.8,7.7,9.2,9.5,9.6,9.6,0.7
2023-11-23 02:22:51,1.2,1.7,1.5,1.8,7.5,9.1,9.3,9.4,9.4,0.7
2023-11-23 02:22:52,1.2,1.7,1.5,1.8,7.4,8.9,9.1,9.2,9.2,0.7
2023-11-23 02:22:53,1.1,1.6,1.4,1.7,7.1,8.5,8.8,8.8,8.8,0.7
2023-11-23 02:22:54,1.1,1.6,1.4,1.7,6.9,8.3,8.6,8.6,8.6,0.7
2023-11-23 02:22:55,1.1,1.5,1.3,1.6,6.8,8.1,8.4,8.4,8.4,0.7
2023-11-23 02:22:56,1.1,1.5,1.3,1.6,6.7,8.1,8.4,8.4,8.4,0.7
2023-11-23 02:22:58,1.1,1.5,1.4,1.6,6.8,8.2,8.4,8.5,8.5,0.7
2023-11-23 02:22:59,1.1,1.5,1.4,1.6,6.8,8.2,8.4,8.5,8.5,0.7
2023-11-23 02:23:00,1.1,1.6,1.4,1.7,6.9,8.2,8.5,8.6,8.6,0.7
2023-11-23 02:23:01,1.1,1.6,1.4,1.7,6.9,8.3,8.5,8.6,8.6,0.7
2023-11-23 02:23:02,1.1,1.6,1.4,1.7,6.9,8.3,8.6,8.6,8.7,0.7
2023-11-23 02:23:03,1.1,1.6,1.4,1.7,6.9,8.3,8.5,8.6,8.6,0.7
2023-11-23 02:23:04,1.1,1.6,1.4,1.7,6.8,8.2,8.5,8.5,8.6,0.7
2023-11-23 02:23:05,1.1,1.6,1.4,1.7,6.9,8.3,8.6,8.6,8.6,0.7
2023-11-23 02:23:06,1.1,1.6,1.4,1.7,7.0,8.4,8.7,8.7,8.8,0.7
2023-11-23 02:23:07,1.1,1.6,1.4,1.7,7.1,8.6,8.9,8.9,8.9,0.7
2023-11-23 02:23:08,1.2,1.7,1.5,1.8,7.4,8.9,9.1,9.2,9.2,0.7
2023-11-23 02:23:09,1.2,1.7,1.5,1.8,7.5,9.0,9.3,9.3,9.4,0.7
2023-11-23 02:23:10,1.2,1.7,1.5,1.8,7.6,9.2,9.5,9.5,9.5,0.7
2023-11-23 02:23:11,1.2,1.8,1.5,1.9,7.7,9.3,9.6,9.6,9.7,0.7
2023-11-23 02:23:12,1.2,1.8,1.6,1.9,7.8,9.3,9.6,9.7,9.7,0.7
2023-11-23 02:23:13,1.2,1.8,1.6,1.9,7.8,9.4,9.7,9.8,9.8,0.7
2023-11-23 02:23:14,1.2,1.8,1.6,1.9,7.9,9.5,9.8,9.9,9.9,0.7
2023-11-23 02:23:15,1.2,1.8,1.6,1.9,7.9,9.5,9.8,9.8,9.8,0.7
2023-11-23 02:23:16,1.2,1.8,1.6,1.9,7.9,9.5,9.8,9.8,9.8,0.7
2023-11-23 02:23:17,1.2,1.8,1.6,1.9,7.8,9.4,9.7,9.7,9.7,0.7
2023-11-23 02:23:18,1.2,1.8,1.5,1.9,7.7,9.2,9.5,9.6,9.6,0.7
2023-11-23 02:23:20,1.2,1.7,1.5,1.8,7.6,9.2,9.5,9.5,9.5,0.7
2023-11-23 02:23:21,1.2,1.7,1.5,1.9,7.6,9.2,9.5,9.5,9.5,0.7
2023-11-23 02:23:22,1.2,1.7,1.5,1.8,7.6,9.2,9.4,9.5,9.5,0.7
2023-11-23 02:23:23,1.2,1.7,1.5,1.8,7.5,9.0,9.3,9.4,9.4,0.7
2023-11-23 02:23:24,1.2,1.7,1.5,1.8,7.4,9.0,9.3,9.3,9.3,0.7
2023-11-23 02:23:25,1.2,1.7,1.5,1.8,7.4,8.9,9.2,9.2,9.2,0.7
2023-11-23 02:23:26,1.2,1.7,1.5,1.8,7.4,8.9,9.2,9.2,9.2,0.7
2023-11-23 02:23:27,1.2,1.7,1.5,1.8,7.3,8.8,9.1,9.2,9.2,0.7
2023-11-23 02:23:28,1.2,1.7,1.5,1.8,7.3,8.8,9.1,9.2,9.2,0.7
2023-11-23 02:23:29,1.1,1.7,1.5,1.8,7.3,8.8,9.1,9.2,9.2,0.7
2023-11-23 02:23:30,1.1,1.7,1.5,1.8,7.3,8.7,9.0,9.1,9.1,0.7
2023-11-23 02:23:31,1.1,1.6,1.4,1.8,7.1,8.6,8.9,9.0,9.0,0.7
2023-11-23 02:23:32,1.1,1.6,1.4,1.7,7.0,8.4,8.7,8.7,8.8,0.7
2023-11-23 02:23:33,1.1,1.6,1.4,1.7,6.8,8.2,8.4,8.5,8.5,0.7
2023-11-23 02:23:34,1.0,1.5,1.3,1.6,6.5,7.9,8.1,8.2,8.2,0.7
2023-11-23 02:23:35,1.0,1.5,1.3,1.6,6.5,7.9,8.1,8.2,8.2,0.7
2023-11-23 02:23:36,1.0,1.5,1.3,1.6,6.5,7.8,8.1,8.2,8.2,0.7
2023-11-23 02:23:37,1.0,1.5,1.3,1.6,6.6,7.9,8.2,8.2,8.3,0.7
2023-11-23 02:23:38,1.0,1.5,1.3,1.6,6.6,7.9,8.2,8.2,8.2,0.7
2023-11-23 02:23:39,1.0,1.5,1.3,1.6,6.5,7.9,8.1,8.2,8.2,0.7
2023-11-23 02:23:40,1.0,1.5,1.3,1.6,6.5,7.9,8.1,8.2,8.2,0.7
2023-11-23 02:23:42,1.0,1.5,1.3,1.6,6.5,7.8,8.1,8.2,8.2,0.7
2023-11-23 02:23:43,1.0,1.5,1.3,1.6,6.5,7.8,8.1,8.1,8.1,0.7
2023-11-23 02:23:44,1.0,1.5,1.3,1.6,6.4,7.7,8.0,8.0,8.0,0.7
2023-11-23 02:23:45,1.0,1.5,1.3,1.6,6.3,7.6,7.8,7.9,7.9,0.7
2023-11-23 02:23:46,1.0,1.5,1.3,1.6,6.2,7.5,7.8,7.8,7.8,0.7
2023-11-23 02:23:47,1.0,1.4,1.2,1.5,6.1,7.4,7.7,7.7,7.7,0.7
2023-11-23 02:23:48,1.0,1.4,1.2,1.5,6.0,7.3,7.5,7.6,7.6,0.7
2023-11-23 02:23:49,0.9,1.4,1.2,1.5,5.9,7.2,7.4,7.5,7.5,0.7
2023-11-23 02:23:50,0.9,1.4,1.2,1.5,5.9,7.1,7.3,7.4,7.4,0.7
2023-11-23 02:23:51,0.9,1.4,1.2,1.5,5.8,7.0,7.3,7.3,7.3,0.7
2023-11-23 02:23:52,0.9,1.4,1.2,1.4,5.8,7.0,7.2,7.3,7.3,0.7
2023-11-23 02:23:53,0.9,1.3,1.2,1.4,5.7,6.9,7.2,7.2,7.2,0.7
2023-11-23 02:23:54,0.9,1.3,1.2,1.4,5.7,6.9,7.1,7.1,7.2,0.7
2023-11-23 02:23:55,0.9,1.3,1.1,1.4,5.6,6.7,7.0,7.0,7.0,0.7
2023-11-23 02:23:56,0.9,1.3,1.1,1.4,5.5,6.7,6.9,7.0,7.0,0.7
2023-11-23 02:23:57,0.9,1.3,1.1,1.4,5.4,6.6,6.8,6.8,6.8,0.7
2023-11-23 02:23:58,0.8,1.3,1.1,1.3,5.3,6.5,6.7,6.7,6.7,0.7
2023-11-23 02:23:59,0.8,1.2,1.1,1.3,5.3,6.4,6.6,6.7,6.7,0.7
2023-11-23 02:24:00,0.8,1.2,1.1,1.3,5.2,6.3,6.5,6.6,6.6,0.7
2023-11-23 02:24:01,0.8,1.2,1.0,1.3,5.1,6.2,6.4,6.4,6.4,0.7
2023-11-23 02:24:03,0.8,1.2,1.0,1.3,5.0,6.1,6.3,6.3,6.3,0.7
2023-11-23 02:24:04,0.8,1.2,1.0,1.3,5.0,6.1,6.3,6.3,6.3,0.7
2023-11-23 02:24:05,0.8,1.2,1.0,1.3,5.0,6.1,6.3,6.3,6.3,0.7
2023-11-23 02:24:06,0.8,1.2,1.0,1.3,5.0,6.1,6.3,6.3,6.3,0.7
2023-11-23 02:24:07,0.8,1.2,1.1,1.3,5.2,6.3,6.5,6.5,6.5,0.7
2023-11-23 02:24:08,0.8,1.3,1.1,1.3,5.3,6.4,6.7,6.7,6.7,0.7
2023-11-23 02:24:09,0.9,1.3,1.1,1.4,5.5,6.6,6.8,6.9,6.9,0.7
2023-11-23 02:24:10,0.9,1.3,1.1,1.4,5.6,6.8,7.0,7.0,7.0,0.7
2023-11-23 02:24:11,0.9,1.3,1.2,1.4,5.7,6.9,7.1,7.1,7.1,0.7
2023-11-23 02:24:12,0.9,1.3,1.2,1.4,5.7,6.9,7.1,7.1,7.2,0.7
2023-11-23 02:24:13,0.9,1.3,1.2,1.4,5.7,6.9,7.1,7.2,7.2,0.7
2023-11-23 02:24:14,0.9,1.3,1.2,1.4,5.7,6.9,7.2,7.2,7.2,0.7
2023-11-23 02:24:15,0.9,1.4,1.2,1.5,5.8,7.1,7.3,7.3,7.4,0.7
2023-11-23 02:24:16,0.9,1.4,1.2,1.5,5.9,7.1,7.3,7.4,7.4,0.7
2023-11-23 02:24:17,0.9,1.4,1.2,1.5,5.8,7.1,7.3,7.4,7.4,0.7
2023-11-23 02:24:18,0.9,1.4,1.2,1.5,5.8,7.1,7.3,7.3,7.4,0.7
2023-11-23 02:24:19,0.9,1.4,1.2,1.5,5.9,7.2,7.4,7.5,7.5,0.7
2023-11-23 02:24:20,0.9,1.4,1.2,1.5,6.0,7.2,7.5,7.5,7.5,0.7
2023-11-23 02:24:21,0.9,1.4,1.2,1.5,6.0,7.2,7.5,7.5,7.5,0.7
2023-11-23 02:24:22,0.9,1.4,1.2,1.5,6.0,7.2,7.5,7.5,7.5,0.7
2023-11-23 02:24:24,1.0,1.4,1.2,1.5,6.1,7.4,7.6,7.7,7.7,0.7
2023-11-23 02:24:25,1.0,1.4,1.3,1.5,6.1,7.4,7.7,7.7,7.7,0.7
2023-11-23 02:24:26,1.0,1.4,1.2,1.5,6.1,7.4,7.6,7.7,7.7,0.7
2023-11-23 02:24:27,1.0,1.5,1.3,1.6,6.2,7.5,7.8,7.9,7.9,0.7
2023-11-23 02:24:28,1.0,1.5,1.3,1.6,6.4,7.7,8.0,8.0,8.0,0.7
2023-11-23 02:24:29,1.1,1.6,1.4,1.7,6.7,8.1,8.3,8.4,8.4,0.7
2023-11-23 02:24:30,1.1,1.6,1.4,1.7,6.8,8.3,8.5,8.6,8.6,0.7
2023-11-23 02:24:31,1.1,1.7,1.5,1.8,7.1,8.6,8.9,9.0,9.0,0.7
2023-11-23 02:24:32,1.2,1.7,1.5,1.9,7.4,8.9,9.2,9.3,9.3,0.7
2023-11-23 02:24:33,1.2,1.8,1.5,1.9,7.5,9.1,9.5,9.5,9.5,0.7
2023-11-23 02:24:34,1.2,1.8,1.6,1.9,7.7,9.3,9.6,9.7,9.7,0.7
2023-11-23 02:24:35,1.2,1.8,1.6,2.0,7.8,9.4,9.8,9.8,9.9,0.7
2023-11-23 02:24:36,1.3,1.9,1.7,2.0,8.1,9.8,10.1,10.2,10.2,0.7
2023-11-23 02:24:37,1.3,1.9,1.7,2.1,8.2,10.0,10.3,10.4,10.4,0.7
2023-11-23 02:24:38,1.3,2.0,1.7,2.1,8.3,10.1,10.4,10.5,10.5,0.7
2023-11-23 02:24:39,1.3,2.0,1.7,2.1,8.3,10.1,10.4,10.5,10.5,0.7
2023-11-23 02:24:40,1.3,2.0,1.7,2.1,8.3,10.0,10.4,10.5,10.5,0.7
2023-11-23 02:24:41,1.3,2.0,1.7,2.1,8.3,10.0,10.4,10.4,10.5,0.7
2023-11-23 02:24:43,1.3,2.0,1.7,2.1,8.2,10.0,10.3,10.4,10.4,0.7
2023-11-23 02:24:44,1.3,1.9,1.7,2.0,8.1,9.8,10.1,10.2,10.2,0.7
2023-11-23 02:24:45,1.3,1.9,1.7,2.0,8.0,9.7,10.1,10.2,10.2,0.7
2023-11-23 02:24:46,1.3,1.9,1.6,2.0,7.9,9.6,9.9,10.0,10.0,0.7
2023-11-23 02:24:47,1.2,1.9,1.6,2.0,7.9,9.6,9.9,10.0,10.0,0.7
2023-11-23 02:24:48,1.2,1.9,1.6,2.0,7.8,9.5,9.8,9.9,9.9,0.7
2023-11-23 02:24:49,1.2,1.8,1.6,2.0,7.7,9.3,9.6,9.7,9.7,0.7
2023-11-23 02:24:50,1.2,1.8,1.6,1.9,7.6,9.2,9.5,9.6,9.6,0.7
2023-11-23 02:24:51,1.2,1.8,1.5,1.9,7.5,9.1,9.4,9.5,9.5,0.7
2023-11-23 02:24:52,1.2,1.8,1.5,1.9,7.4,8.9,9.3,9.3,9.3,0.7
2023-11-23 02:24:53,1.1,1.7,1.5,1.9,7.2,8.8,9.1,9.2,9.2,0.7
2023-11-23 02:24:54,1.2,1.8,1.5,1.9,7.3,8.9,9.2,9.3,9.3,0.7
2023-11-23 02:24:55,1.2,1.8,1.5,1.9,7.3,8.9,9.2,9.3,9.3,0.7
2023-11-23 02:24:56,1.2,1.8,1.5,1.9,7.4,9.0,9.3,9.4,9.4,0.7
2023-11-23 02:24:57,1.2,1.8,1.5,1.9,7.4,9.0,9.4,9.4,9.5,0.8
2023-11-23 02:24:58,1.2,1.8,1.5,1.9,7.4,9.0,9.3,9.4,9.4,0.8
2023-11-23 02:24:59,1.2,1.8,1.5,1.9,7.3,8.9,9.2,9.3,9.3,0.8
2023-11-23 02:25:00,1.1,1.7,1.5,1.9,7.2,8.7,9.1,9.1,9.1,0.7
2023-11-23 02:25:01,1.1,1.7,1.5,1.8,7.0,8.5,8.9,8.9,8.9,0.7
2023-11-23 02:25:02,1.1,1.7,1.4,1.8,6.9,8.4,8.7,8.8,8.8,0.7
2023-11-23 02:25:04,1.1,1.6,1.4,1.7,6.8,8.2,8.5,8.6,8.6,0.7
2023-11-23 02:25:05,1.1,1.6,1.4,1.7,6.6,8.0,8.3,8.4,8.4,0.7
2023-11-23 02:25:06,1.1,1.6,1.4,1.7,6.6,8.1,8.4,8.4,8.5,0.7
2023-11-23 02:25:07,1.1,1.6,1.4,1.7,6.7,8.1,8.4,8.5,8.5,0.7
2023-11-23 02:25:08,1.1,1.6,1.4,1.7,6.7,8.1,8.4,8.5,8.5,0.7
2023-11-23 02:25:38,0.8,8.4,5.0,10.1,0.0,1.0,5.3,6.2,6.4,1.6
2023-11-23 02:25:39,5.3,5.6,5.6,5.6,37.2,42.0,42.1,42.1,42.1,0.4
2023-11-23 02:25:40,5.2,5.6,5.6,5.6,37.0,41.8,41.9,41.9,41.9,0.4
2023-11-23 02:25:41,5.2,5.5,5.5,5.5,36.7,41.4,41.5,41.5,41.5,0.4
2023-11-23 02:25:42,5.1,5.4,5.4,5.4,36.3,40.9,41.0,41.0,41.0,0.4
2023-11-23 02:25:44,5.1,5.3,5.3,5.3,35.7,40.3,40.3,40.3,40.4,0.4
2023-11-23 02:25:45,5.0,5.3,5.3,5.3,35.1,39.6,39.7,39.7,39.7,0.5
2023-11-23 02:25:46,4.9,5.2,5.2,5.2,34.5,38.9,39.0,39.0,39.0,0.4
2023-11-23 02:25:47,4.8,5.1,5.1,5.1,33.8,38.1,38.2,38.2,38.2,0.4
2023-11-23 02:25:48,4.7,5.4,5.2,5.5,32.1,36.8,37.2,37.2,37.2,0.5
2023-11-23 02:25:49,4.6,5.2,5.1,5.3,31.9,36.4,36.7,36.7,36.7,0.5
2023-11-23 02:25:50,4.6,5.0,4.9,5.1,31.8,36.2,36.4,36.4,36.4,0.5
2023-11-23 02:25:51,4.5,4.9,4.9,5.0,31.4,35.7,35.9,35.9,35.9,0.5
2023-12-08 13:02:49,4.4,5.0,4.9,5.1,30.7,35.0,35.3,35.4,35.4,0.5
2023-12-08 13:02:50,4.4,4.9,4.8,5.0,30.3,34.6,34.8,34.9,34.9,0.5
2023-12-08 13:02:51,4.3,4.9,4.8,5.0,30.0,34.3,34.6,34.6,34.6,0.5
2023-12-08 13:02:52,4.3,4.9,4.7,4.9,29.8,34.0,34.2,34.3,34.3,0.5
2023-12-08 13:02:53,4.3,4.8,4.7,4.9,30.0,34.1,34.3,34.4,34.4,0.5
2023-12-08 13:02:54,4.3,4.8,4.7,4.8,29.9,34.1,34.3,34.3,34.3,0.5
2023-12-08 13:02:56,4.3,4.7,4.6,4.8,30.0,34.1,34.3,34.3,34.3,0.5
2023-12-08 13:02:57,4.3,4.7,4.6,4.7,29.9,33.9,34.1,34.1,34.1,0.5
2023-12-08 13:02:58,4.3,4.6,4.6,4.7,29.8,33.8,33.9,34.0,34.0,0.5
2023-12-08 13:02:59,4.3,4.5,4.5,4.5,30.1,33.9,34.0,34.0,34.0,0.5
2023-12-08 13:03:00,4.3,4.6,4.6,4.6,30.0,33.9,34.1,34.1,34.1,0.5
2023-12-08 13:03:01,4.2,4.6,4.5,4.6,29.8,33.7,33.9,33.9,33.9,0.5
2023-12-08 13:03:02,4.2,4.5,4.5,4.5,29.8,33.6,33.7,33.7,33.7,0.5
2023-12-08 13:03:03,4.2,4.4,4.4,4.4,29.5,33.3,33.3,33.3,33.3,0.5
2023-12-08 13:03:04,4.1,4.4,4.4,4.4,29.2,33.0,33.1,33.1,33.1,0.5
2023-12-08 13:03:05,4.1,4.4,4.4,4.4,29.2,32.9,33.0,33.0,33.0,0.5
2023-12-08 13:03:06,4.1,4.4,4.4,4.4,29.2,33.0,33.0,33.0,33.1,0.5
2023-12-08 13:03:07,4.1,4.4,4.4,4.4,29.3,33.0,33.1,33.1,33.1,0.5
2023-12-08 13:03:08,4.1,4.4,4.4,4.4,29.1,32.9,32.9,32.9,33.0,0.5
2023-12-08 13:03:09,4.1,4.3,4.3,4.3,28.9,32.6,32.7,32.7,32.7,0.5
2023-12-08 13:03:10,4.0,4.3,4.3,4.3,28.4,32.1,32.2,32.2,32.2,0.5
2023-12-08 13:03:11,4.0,4.2,4.2,4.2,28.1,31.7,31.7,31.8,31.8,0.5
2023-12-08 13:03:12,4.0,4.2,4.2,4.2,27.9,31.5,31.6,31.6,31.6,0.5
2023-12-08 13:03:13,3.9,4.2,4.2,4.2,27.8,31.4,31.5,31.5,31.5,0.4
2023-12-08 13:03:14,3.9,4.2,4.2,4.2,27.7,31.3,31.4,31.4,31.4,0.4
2023-12-08 13:03:16,3.9,4.1,4.1,4.1,27.5,31.0,31.1,31.1,31.1,0.4
2023-12-08 13:03:17,3.9,4.1,4.1,4.1,27.3,30.8,30.8,30.9,30.9,0.5
2023-12-08 13:03:18,3.9,4.1,4.1,4.1,27.4,30.9,31.0,31.0,31.0,0.5
2023-12-08 13:03:19,3.9,4.1,4.1,4.1,27.7,31.2,31.3,31.3,31.3,0.4
2023-12-08 13:03:20,4.0,4.2,4.2,4.2,28.0,31.6,31.7,31.7,31.7,0.5
2023-12-08 13:03:21,4.0,4.2,4.2,4.2,28.3,32.0,32.1,32.1,32.1,0.5
2023-12-08 13:03:22,4.1,4.3,4.3,4.3,28.8,32.5,32.5,32.5,32.5,0.5
2023-12-08 13:03:23,4.1,4.4,4.4,4.4,29.1,32.9,33.0,33.0,33.0,0.4
2023-12-08 13:03:24,4.2,4.4,4.4,4.4,29.5,33.3,33.3,33.3,33.3,0.4
2023-12-08 13:03:25,4.2,4.5,4.5,4.5,29.7,33.5,33.6,33.6,33.6,0.4
2023-12-08 13:03:26,4.2,4.5,4.5,4.5,29.8,33.6,33.7,33.7,33.7,0.4
2023-12-08 13:03:27,4.2,4.5,4.5,4.5,29.9,33.7,33.8,33.8,33.8,0.4
2023-12-08 13:03:28,4.2,4.5,4.5,4.5,29.9,33.7,33.8,33.8,33.8,0.4
2023-12-08 13:03:29,4.2,4.5,4.5,4.5,29.7,33.5,33.6,33.6,33.6,0.4
2023-12-08 13:03:30,4.2,4.4,4.4,4.4,29.4,33.2,33.3,33.3,33.3,0.4
2023-12-08 13:03:31,4.1,4.4,4.4,4.4,29.1,32.9,33.0,33.0,33.0,0.4
2023-12-08 13:03:32,4.1,4.3,4.3,4.3,28.9,32.6,32.7,32.7,32.7,0.4
2023-12-08 13:03:33,4.1,4.3,4.3,4.3,28.6,32.3,32.4,32.4,32.4,0.4
2023-12-08 13:03:34,4.0,4.2,4.2,4.2,28.2,31.9,31.9,32.0,32.0,0.4
2023-12-08 13:03:36,3.9,4.1,4.1,4.1,27.6,31.1,31.2,31.2,31.2,0.4
2023-12-08 13:03:37,3.9,4.1,4.1,4.1,27.3,30.8,30.9,30.9,30.9,0.4
2023-12-08 13:03:38,3.8,4.1,4.1,4.1,27.2,30.6,30.7,30.7,30.7,0.4
2023-12-08 13:03:39,3.8,4.0,4.0,4.0,27.0,30.5,30.5,30.5,30.5,0.5
2023-12-08 13:03:40,3.8,4.0,4.0,4.0,26.7,30.1,30.2,30.2,30.2,0.5
2023-12-08 13:03:41,3.7,3.9,3.9,3.9,26.3,29.7,29.8,29.8,29.8,0.5
2023-12-08 13:03:42,3.7,3.9,3.9,3.9,26.0,29.3,29.4,29.4,29.4,0.5
2023-12-08 13:03:43,3.6,3.8,3.8,3.8,25.6,28.9,28.9,29.0,29.0,0.4
2023-12-08 13:03:44,3.6,3.8,3.8,3.8,25.2,28.4,28.5,28.5,28.5,0.4
2023-12-08 13:03:45,3.5,3.7,3.7,3.7,24.8,28.0,28.1,28.1,28.1,0.4
2023-12-08 13:03:46,3.5,3.7,3.7,3.7,24.5,27.6,27.7,27.7,27.7,0.4
2023-12-08 13:03:47,3.4,3.6,3.6,3.6,24.0,27.1,27.2,27.2,27.2,0.4
2023-12-08 13:03:48,3.4,3.5,3.5,3.5,23.6,26.7,26.7,26.7,26.8,0.4
2023-12-08 13:03:49,3.3,3.5,3.5,3.5,23.4,26.4,26.5,26.5,26.5,0.4
2023-12-08 13:03:50,3.3,3.5,3.5,3.5,23.1,26.1,26.2,26.2,26.2,0.4
2023-12-08 13:03:51,3.2,3.4,3.4,3.4,22.9,25.9,25.9,25.9,25.9,0.4
2023-12-08 13:03:52,3.2,3.4,3.4,3.4,22.7,25.6,25.7,25.7,25.7,0.4
2023-12-08 13:03:53,3.2,3.4,3.4,3.4,22.6,25.5,25.6,25.6,25.6,0.4
2023-12-08 13:03:55,3.2,3.4,3.4,3.4,22.6,25.5,25.6,25.6,25.6,0.5
2023-12-08 13:03:56,3.2,3.4,3.4,3.4,22.6,25.5,25.6,25.6,25.6,0.5
2023-12-08 13:03:57,3.2,3.4,3.4,3.4,22.5,25.4,25.5,25.5,25.5,0.4
2023-12-08 13:03:58,3.2,3.4,3.4,3.4,22.4,25.3,25.4,25.4,25.4,0.4
2023-12-08 13:03:59,3.2,3.4,3.4,3.4,22.5,25.4,25.5,25.5,25.5,0.4
2023-12-08 13:04:00,3.2,3.4,3.4,3.4,22.7,25.7,25.7,25.7,25.7,0.4
2023-12-08 13:04:01,3.2,3.4,3.4,3.4,22.8,25.7,25.8,25.8,25.8,0.4
2023-12-08 13:04:02,3.3,3.4,3.4,3.4,23.0,25.9,26.0,26.0,26.0,0.4
2023-12-08 13:04:03,3.3,3.5,3.5,3.5,23.0,26.0,26.0,26.1,26.1,0.4
2023-12-08 13:04:04,3.3,3.5,3.5,3.5,23.2,26.2,26.3,26.3,26.3,0.4
2023-12-08 13:04:05,3.3,3.5,3.5,3.5,23.3,26.3,26.3,26.4,26.4,0.4
2023-12-08 13:04:06,3.3,3.5,3.5,3.5,23.4,26.4,26.5,26.5,26.5,0.4
2023-12-08 13:04:07,3.4,3.5,3.5,3.5,23.7,26.7,26.8,26.8,26.8,0.4
2023-12-08 13:04:08,3.4,3.6,3.6,3.6,23.9,27.0,27.0,27.1,27.1,0.4
2023-12-08 13:04:09,3.4,3.6,3.6,3.6,24.1,27.2,27.3,27.3,27.3,0.4
2023-12-08 13:04:10,3.5,3.6,3.6,3.6,24.3,27.5,27.5,27.5,27.5,0.4
2023-12-08 13:04:11,3.5,3.7,3.7,3.7,24.8,28.0,28.1,28.1,28.1,0.4
2023-12-08 13:04:13,3.5,3.7,3.7,3.7,24.8,27.9,28.0,28.0,28.0,0.4
2023-12-08 13:04:14,3.5,3.7,3.7,3.7,24.8,28.0,28.0,28.0,28.0,0.4
2023-12-08 13:04:15,3.5,3.7,3.7,3.7,24.7,27.9,27.9,27.9,27.9,0.4
2023-12-08 13:04:16,3.5,3.7,3.7,3.7,24.6,27.8,27.9,27.9,27.9,0.4
2023-12-08 13:04:17,3.5,3.7,3.7,3.7,24.8,28.0,28.1,28.1,28.1,0.4
2023-12-08 13:04:18,3.5,3.7,3.7,3.7,24.8,28.0,28.0,28.0,28.1,0.4
2023-12-08 13:04:19,3.5,3.7,3.7,3.7,24.8,28.0,28.1,28.1,28.1,0.4
2023-12-08 13:04:20,3.5,3.8,3.8,3.8,25.0,28.3,28.3,28.3,28.3,0.4
2023-12-08 13:04:21,3.6,3.8,3.8,3.8,25.1,28.3,28.4,28.4,28.4,0.4
2023-12-08 13:04:22,3.6,3.8,3.8,3.8,25.2,28.4,28.5,28.5,28.5,0.4
2023-12-08 13:04:23,3.6,3.8,3.8,3.8,25.2,28.4,28.5,28.5,28.5,0.4
2023-12-08 13:04:24,3.6,3.8,3.8,3.8,25.1,28.3,28.4,28.4,28.4,0.4
2023-12-08 13:04:25,3.6,3.8,3.8,3.8,25.3,28.5,28.6,28.6,28.6,0.4
2023-12-08 13:04:26,3.6,3.8,3.8,3.8,25.2,28.5,28.5,28.5,28.5,0.4
2023-12-08 13:04:27,3.6,3.8,3.8,3.8,25.2,28.5,28.5,28.6,28.6,0.4
2023-12-08 13:04:28,3.6,3.8,3.8,3.8,25.5,28.8,28.8,28.8,28.8,0.4
2023-12-08 13:04:29,3.7,3.9,3.9,3.9,26.2,29.6,29.7,29.7,29.7,0.4
2023-12-08 13:04:30,3.8,4.0,4.0,4.0,26.5,29.9,30.0,30.0,30.0,0.4
2023-12-08 13:04:32,3.7,4.0,4.0,4.0,26.5,29.9,29.9,29.9,29.9,0.4
2023-12-08 13:04:33,3.7,4.0,4.0,4.0,26.4,29.8,29.9,29.9,29.9,0.4
2023-12-08 13:04:34,3.8,4.0,4.0,4.0,26.5,29.9,29.9,30.0,30.0,0.4
2023-12-08 13:04:35,3.8,4.0,4.0,4.0,26.7,30.1,30.2,30.2,30.2,0.4
2023-12-08 13:04:36,3.8,4.1,4.1,4.1,27.1,30.6,30.7,30.7,30.7,0.4
2023-12-08 13:04:37,3.9,4.1,4.1,4.1,27.5,31.1,31.1,31.1,31.1,0.4
2023-12-08 13:04:38,3.9,4.2,4.2,4.2,27.9,31.5,31.5,31.5,31.5,0.4
2023-12-08 13:04:39,4.0,4.2,4.2,4.2,28.1,31.7,31.8,31.8,31.8,0.4
2023-12-08 13:04:40,4.0,4.2,4.2,4.2,28.1,31.8,31.8,31.8,31.8,0.4
2023-12-08 13:04:41,4.0,4.2,4.2,4.2,28.1,31.7,31.8,31.8,31.8,0.4
2023-12-08 13:04:42,4.0,4.2,4.2,4.2,28.0,31.6,31.7,31.7,31.7,0.4
2023-12-08 13:04:43,4.0,4.2,4.2,4.2,28.0,31.7,31.7,31.7,31.7,0.4
2023-12-08 13:04:44,4.0,4.2,4.2,4.2,28.0,31.7,31.7,31.7,31.7,0.4
2023-12-08 13:04:45,4.0,4.2,4.2,4.2,28.1,31.7,31.8,31.8,31.8,0.4
2023-12-08 13:04:46,4.0,4.2,4.2,4.2,28.1,31.7,31.8,31.8,31.8,0.4
2023-12-08 13:04:47,4.0,4.2,4.2,4.2,28.3,32.0,32.0,32.0,32.0,0.4
2023-12-08 13:04:48,4.0,4.2,4.2,4.2,28.2,31.8,31.9,31.9,31.9,0.4
2023-12-08 13:04:50,4.0,4.2,4.2,4.2,28.1,31.7,31.8,31.8,31.8,0.4
2023-12-08 13:04:51,4.0,4.2,4.2,4.2,28.1,31.7,31.8,31.8,31.8,0.4
2023-12-08 13:04:52,4.0,4.2,4.2,4.2,28.2,31.9,31.9,31.9,31.9,0.4
2023-12-08 13:04:53,4.0,4.2,4.2,4.2,28.2,31.8,31.9,31.9,31.9,0.4
2023-12-08 13:04:54,4.0,4.2,4.2,4.2,28.1,31.7,31.8,31.8,31.8,0.4
2023-12-08 13:04:55,4.0,4.2,4.2,4.2,28.2,31.8,31.8,31.9,31.9,0.4
2023-12-08 13:04:56,4.0,4.2,4.2,4.2,28.2,31.8,31.8,31.9,31.9,0.4
2023-12-08 13:04:57,4.0,4.3,4.3,4.3,28.4,32.1,32.1,32.1,32.1,0.4
2023-12-08 13:04:58,4.1,4.3,4.3,4.3,28.8,32.5,32.6,32.6,32.6,0.4
2023-12-08 13:04:59,4.2,4.4,4.4,4.4,29.3,33.1,33.2,33.2,33.2,0.4
2023-12-08 13:05:00,4.3,4.5,4.5,4.5,30.1,33.9,34.0,34.0,34.0,0.4
2023-12-08 13:05:01,4.3,4.6,4.6,4.6,30.5,34.4,34.5,34.5,34.5,0.4
2023-12-08 13:05:02,4.4,4.6,4.6,4.6,30.7,34.7,34.8,34.8,34.8,0.4
2023-12-08 13:05:03,4.4,4.6,4.6,4.6,31.0,34.9,35.0,35.0,35.0,0.4
2023-12-08 13:05:04,4.5,4.8,4.8,4.8,31.7,35.8,35.9,35.9,35.9,0.4
2023-12-08 13:05:05,4.5,4.8,4.8,4.8,31.9,36.0,36.1,36.1,36.1,0.4
2023-12-08 13:05:06,4.6,4.8,4.8,4.8,32.1,36.3,36.3,36.4,36.4,0.4
2023-12-08 13:05:08,4.6,4.8,4.8,4.8,32.3,36.5,36.5,36.6,36.6,0.4
2023-12-08 13:05:09,4.6,4.9,4.9,4.9,32.5,36.7,36.8,36.8,36.8,0.4
2023-12-08 13:05:10,4.6,4.9,4.9,4.9,32.5,36.7,36.7,36.8,36.8,0.4
2023-12-08 13:05:11,4.6,4.9,4.9,4.9,32.4,36.5,36.6,36.6,36.6,0.4
2023-12-08 13:05:12,4.6,4.8,4.8,4.8,32.3,36.4,36.5,36.5,36.5,0.4
2023-12-08 13:05:13,4.6,4.8,4.8,4.8,32.3,36.5,36.6,36.6,36.6,0.4
2023-12-08 13:05:14,4.6,4.9,4.9,4.9,32.5,36.7,36.8,36.8,36.8,0.5
2023-12-08 13:05:15,4.6,4.9,4.9,4.9,32.6,36.8,36.8,36.8,36.9,0.5
2023-12-08 13:05:16,4.7,5.0,5.0,5.0,33.1,37.4,37.5,37.5,37.5,0.4
2023-12-08 13:05:17,4.9,5.1,5.1,5.1,34.3,38.8,38.9,38.9,38.9,0.4
2023-12-08 13:05:18,5.2,5.5,5.5,5.5,36.7,41.4,41.5,41.5,41.5,0.5
2023-12-08 13:05:19,5.5,5.8,5.8,5.8,39.0,44.0,44.1,44.1,44.1,0.4
2023-12-08 13:05:20,5.8,6.1,6.1,6.1,41.0,46.3,46.4,46.4,46.4,0.5
2023-12-08 13:05:21,6.8,7.2,7.2,7.2,47.8,53.9,54.0,54.0,54.1,0.5
2023-12-08 13:05:22,7.2,7.6,7.6,7.6,51.0,57.6,57.7,57.7,57.7,0.5
2023-12-08 13:05:23,7.7,8.2,8.2,8.2,54.5,61.6,61.7,61.7,61.7,0.5
2023-12-08 13:05:24,8.2,8.7,8.7,8.7,58.1,65.6,65.7,65.8,65.8,0.5
2023-12-08 13:05:26,8.7,9.2,9.2,9.2,61.5,69.4,69.6,69.6,69.6,0.5
2023-12-08 13:05:27,9.1,9.6,9.6,9.6,64.3,72.6,72.8,72.8,72.8,0.5
2023-12-08 13:05:28,9.7,10.2,10.2,10.2,68.2,77.0,77.2,77.2,77.2,0.5
2023-12-08 13:05:29,10.1,10.7,10.7,10.7,71.3,80.5,80.7,80.7,80.7,0.5
2023-12-08 13:05:30,10.4,11.0,11.0,11.0,73.5,83.0,83.2,83.2,83.2,0.5
2023-12-08 13:05:31,10.9,11.5,11.5,11.5,76.7,86.6,86.8,86.8,86.8,0.5
2023-12-08 13:05:32,11.4,12.0,12.0,12.0,80.2,90.5,90.7,90.8,90.8,0.5
2023-12-08 13:05:33,11.7,12.4,12.4,12.4,82.5,93.1,93.3,93.4,93.4,0.5
2023-12-08 13:05:34,12.4,13.1,13.1,13.1,87.3,98.6,98.8,98.8,98.9,0.5
2023-12-08 13:05:35,13.0,13.7,13.7,13.7,91.4,103.2,103.4,103.4,103.4,0.5
2023-12-08 13:05:36,13.5,14.2,14.2,14.2,94.9,107.1,107.4,107.4,107.4,0.5
2023-12-08 13:05:37,13.9,14.7,14.7,14.7,98.1,110.8,111.0,111.0,111.1,0.5
2023-12-08 13:05:38,15.0,15.9,15.9,15.9,106.1,119.8,120.0,120.0,120.1,0.5
2023-12-08 13:05:39,15.4,16.3,16.3,16.3,109.0,123.0,123.3,123.3,123.3,0.5
2023-12-08 13:05:40,15.8,16.7,16.7,16.7,111.5,125.9,126.1,126.2,126.2,0.5
2023-12-08 13:05:41,16.0,16.9,16.9,16.9,113.0,127.6,127.9,127.9,127.9,0.5
2023-12-08 13:05:43,16.2,17.2,17.2,17.2,114.5,129.3,129.6,129.6,129.6,0.5
2023-12-08 13:05:44,16.5,17.4,17.4,17.4,116.3,131.3,131.6,131.6,131.6,0.5
2023-12-08 13:05:45,16.8,17.8,17.8,17.8,118.8,134.1,134.4,134.5,134.5,0.5
2023-12-08 13:05:46,17.1,18.1,18.1,18.1,120.8,136.4,136.7,136.8,136.8,0.5
2023-12-08 13:05:47,17.5,18.6,18.5,18.6,123.6,139.5,139.9,139.9,139.9,0.5
2023-12-08 13:05:48,17.9,18.9,18.9,18.9,126.0,142.3,142.6,142.7,142.7,0.5
2023-12-08 13:05:49,18.4,19.5,19.5,19.5,130.0,146.8,147.1,147.2,147.2,0.5
2023-12-08 13:05:50,19.1,20.2,20.2,20.2,134.5,151.9,152.2,152.3,152.3,0.5
2023-12-08 13:05:51,19.8,21.0,20.9,21.0,139.5,157.5,157.9,157.9,157.9,0.5
2023-12-08 13:05:52,20.3,21.6,21.5,21.6,143.4,162.0,162.3,162.4,162.4,0.5
2023-12-08 13:05:53,20.8,22.0,22.0,22.1,146.6,165.5,165.9,166.0,166.0,0.5
2023-12-08 13:05:54,21.6,23.0,22.9,23.0,152.6,172.3,172.7,172.8,172.8,0.5
2023-12-08 13:05:55,23.5,24.9,24.9,25.0,165.5,186.9,187.4,187.4,187.5,0.5
2023-12-08 13:05:56,24.2,25.7,25.7,25.8,170.7,192.8,193.3,193.4,193.4,0.5
2023-12-08 13:05:57,24.8,26.4,26.3,26.4,175.0,197.7,198.3,198.3,198.4,0.5
2023-12-08 13:05:58,25.3,27.0,26.9,27.0,178.6,201.7,202.3,202.3,202.4,0.5
2023-12-08 13:06:00,25.7,27.4,27.3,27.4,181.3,204.8,205.4,205.4,205.5,0.5
2023-12-08 13:06:01,26.1,27.9,27.8,27.9,184.1,208.0,208.6,208.7,208.7,0.5
2023-12-08 13:06:02,26.6,28.3,28.2,28.4,187.0,211.3,211.9,212.0,212.0,0.5
2023-12-08 13:06:03,27.0,28.8,28.7,28.9,190.0,214.7,215.4,215.4,215.5,0.5
2023-12-08 13:06:04,27.4,29.3,29.1,29.3,192.7,217.9,218.5,218.6,218.7,0.5
2023-12-08 13:06:05,27.7,29.7,29.5,29.7,195.2,220.7,221.3,221.4,221.5,0.5
2023-12-08 13:06:06,28.1,30.1,30.0,30.2,197.8,223.8,224.5,224.6,224.6,0.5
2023-12-08 13:06:07,28.6,30.7,30.5,30.8,201.1,227.5,228.2,228.3,228.3,0.5
2023-12-08 13:06:08,28.9,31.1,30.9,31.2,203.3,230.0,230.8,230.9,231.0,0.5
2023-12-08 13:06:09,29.2,31.4,31.1,31.5,205.0,232.0,232.8,232.9,232.9,0.5
2023-12-08 13:06:10,29.3,31.6,31.3,31.7,206.0,233.2,234.0,234.2,234.2,0.5
2023-12-08 13:06:11,29.4,31.7,31.4,31.8,206.3,233.5,234.4,234.5,234.6,0.5
2023-12-08 13:06:12,29.4,31.7,31.4,31.9,206.3,233.7,234.5,234.7,234.7,0.5
2023-12-08 13:06:13,29.3,31.7,31.4,31.8,205.7,233.0,233.9,234.0,234.1,0.5
2023-12-08 13:06:14,29.3,31.6,31.3,31.8,205.3,232.5,233.4,233.6,233.6,0.6
2023-12-08 13:06:15,29.3,31.7,31.3,31.8,205.2,232.5,233.4,233.6,233.6,0.5
2023-12-08 13:06:17,29.2,31.7,31.4,31.9,205.1,232.4,233.3,233.5,233.6,0.6
2023-12-08 13:06:18,29.3,31.8,31.4,32.0,205.3,232.7,233.6,233.8,233.9,0.6
2023-12-08 13:06:19,29.3,31.9,31.5,32.1,205.6,233.1,234.0,234.2,234.3,0.6
2023-12-08 13:06:20,29.4,32.0,31.6,32.2,205.9,233.5,234.5,234.7,234.7,0.6
2023-12-08 13:06:21,29.4,32.0,31.6,32.2,206.3,233.9,234.9,235.1,235.2,0.5
2023-12-08 13:06:22,29.5,32.1,31.7,32.3,206.4,234.0,235.1,235.2,235.3,0.6
2023-12-08 13:06:23,29.5,32.1,31.7,32.3,206.5,234.2,235.3,235.4,235.5,0.5
2023-12-08 13:06:24,29.6,32.2,31.8,32.5,206.9,234.7,235.8,236.0,236.0,0.6
2023-12-08 13:06:25,29.7,32.4,32.0,32.6,208.0,235.9,237.0,237.2,237.3,0.5
2023-12-08 13:06:26,29.8,32.6,32.1,32.8,208.8,236.9,238.0,238.2,238.2,0.6
2023-12-08 13:06:27,29.7,32.5,32.0,32.7,207.7,235.7,236.8,237.0,237.1,0.6
2023-12-08 13:06:28,29.0,31.8,31.3,32.0,202.9,230.3,231.4,231.6,231.6,0.6
2023-12-08 13:06:29,28.0,30.7,30.2,31.0,196.0,222.5,223.6,223.8,223.8,0.6
2023-12-08 13:06:30,26.5,29.0,28.5,29.3,184.9,209.9,211.0,211.2,211.2,0.6
2023-12-08 13:06:31,24.4,26.8,26.4,27.1,170.8,194.0,195.0,195.2,195.2,0.6
2023-12-08 13:06:33,21.7,23.8,23.4,24.1,151.7,172.2,173.1,173.3,173.3,0.6
2023-12-08 13:06:34,18.9,20.8,20.4,21.0,132.2,150.1,150.9,151.1,151.1,0.6
2023-12-08 13:06:35,16.1,17.7,17.4,17.8,112.3,127.6,128.2,128.3,128.4,0.6
2023-12-08 13:06:36,14.3,15.7,15.5,15.9,99.8,113.4,114.0,114.1,114.1,0.6
2023-12-08 13:06:37,12.4,13.6,13.4,13.7,86.3,98.0,98.5,98.6,98.6,0.6
2023-12-08 13:06:38,10.6,11.6,11.4,11.7,73.8,83.9,84.3,84.4,84.4,0.6
2023-12-08 13:06:39,9.4,10.4,10.2,10.4,65.6,74.5,74.9,75.0,75.0,0.6
2023-12-08 13:06:40,8.7,9.6,9.4,9.7,60.7,68.9,69.3,69.4,69.4,0.6
2023-12-08 13:06:41,8.2,9.0,8.8,9.1,57.1,64.8,65.2,65.3,65.3,0.6
2023-12-08 13:06:42,7.7,8.5,8.4,8.6,54.0,61.4,61.8,61.8,61.8,0.6
2023-12-08 13:06:43,7.2,7.9,7.8,8.0,50.0,56.8,57.2,57.2,57.2,0.6
2023-12-08 13:06:44,7.0,7.7,7.6,7.8,48.8,55.4,55.7,55.8,55.8,0.6
2023-12-08 13:06:45,6.9,7.6,7.5,7.7,48.0,54.6,54.9,54.9,55.0,0.5
2023-12-08 13:06:46,6.8,7.5,7.4,7.6,47.4,53.9,54.2,54.2,54.2,0.6
2023-12-08 13:06:47,6.7,7.4,7.2,7.4,46.5,52.9,53.2,53.2,53.2,0.6
2023-12-08 13:06:49,6.5,7.1,7.0,7.2,45.2,51.3,51.6,51.7,51.7,0.6
2023-12-08 13:06:50,6.3,6.9,6.8,7.0,43.8,49.7,50.0,50.1,50.1,0.6
2023-12-08 13:06:51,6.2,6.8,6.7,6.9,43.1,48.9,49.2,49.3,49.3,0.6
2023-12-08 13:06:52,6.2,6.8,6.7,6.9,43.1,49.0,49.3,49.3,49.3,0.5
2023-12-08 13:06:53,6.2,6.9,6.7,6.9,43.4,49.3,49.6,49.7,49.7,0.5
2023-12-08 13:06:54,6.3,6.9,6.8,7.0,43.9,49.9,50.2,50.2,50.2,0.5
2023-12-08 13:06:55,6.4,7.1,6.9,7.1,44.7,50.8,51.1,51.1,51.2,0.5
2023-12-08 13:06:56,6.6,7.3,7.2,7.4,46.4,52.7,53.0,53.0,53.0,0.5
2023-12-08 13:06:57,7.2,8.0,7.8,8.0,50.5,57.4,57.7,57.7,57.7,0.5
2023-12-08 13:06:58,10.2,11.2,11.0,11.3,71.2,80.9,81.3,81.4,81.4,0.5
2023-12-08 13:06:59,14.0,15.4,15.1,15.5,97.6,110.9,111.5,111.6,111.6,0.5
2023-12-08 13:07:00,17.0,18.7,18.4,18.9,118.6,134.8,135.5,135.6,135.7,0.5
2023-12-08 13:07:01,17.9,19.7,19.4,19.9,125.4,142.4,143.2,143.3,143.3,0.5
2023-12-08 13:07:02,18.2,20.0,19.6,20.1,127.0,144.2,145.0,145.1,145.2,0.5
2023-12-08 13:07:03,18.0,19.8,19.4,19.9,125.7,142.8,143.5,143.6,143.7,0.5
2023-12-08 13:07:05,18.1,19.9,19.6,20.1,126.7,143.8,144.5,144.7,144.7,0.5
2023-12-08 13:07:06,18.3,20.0,19.7,20.2,127.8,145.1,145.8,145.9,145.9,0.5
2023-12-08 13:07:07,18.8,20.6,20.3,20.8,131.6,149.4,150.1,150.2,150.3,0.5
2023-12-08 13:07:08,19.3,21.1,20.8,21.3,135.0,153.2,153.9,154.1,154.1,0.5
2023-12-08 13:07:09,19.8,21.6,21.3,21.8,138.4,157.1,157.8,157.9,158.0,0.5
2023-12-08 13:07:10,20.2,22.1,21.8,22.2,141.3,160.3,161.1,161.2,161.3,0.5
2023-12-08 13:07:11,20.3,22.2,21.9,22.3,142.1,161.3,162.0,162.1,162.2,0.5
2023-12-08 13:07:12,20.3,22.2,21.9,22.3,142.1,161.3,162.0,162.1,162.2,0.5
2023-12-08 13:07:13,20.4,22.2,21.9,22.3,142.5,161.6,162.3,162.5,162.5,0.5
2023-12-08 13:07:14,20.5,22.3,22.0,22.5,143.2,162.5,163.2,163.3,163.4,0.5
2023-12-08 13:07:15,20.6,22.4,22.1,22.5,143.9,163.3,164.0,164.1,164.1,0.5
2023-12-08 13:07:16,20.6,22.5,22.2,22.6,144.5,163.9,164.6,164.8,164.8,0.5
2023-12-08 13:07:17,20.7,22.5,22.2,22.7,144.9,164.4,165.1,165.2,165.3,0.5
2023-12-08 13:07:18,20.9,22.7,22.4,22.9,146.2,165.8,166.5,166.6,166.7,0.5
2023-12-08 13:07:20,21.1,23.0,22.7,23.1,147.9,167.7,168.5,168.6,168.6,0.5
2023-12-08 13:07:21,21.6,23.5,23.2,23.6,151.1,171.3,172.1,172.2,172.2,0.5
2023-12-08 13:07:22,21.8,23.7,23.4,23.9,152.9,173.4,174.1,174.2,174.3,0.5
2023-12-08 13:07:23,22.0,23.9,23.7,24.1,154.3,175.0,175.7,175.8,175.9,0.5
2023-12-08 13:07:24,22.3,24.3,24.0,24.4,156.5,177.4,178.2,178.3,178.4,0.5
2023-12-08 13:07:25,22.6,24.5,24.2,24.7,158.3,179.4,180.2,180.3,180.4,0.5
2023-12-08 13:07:26,22.8,24.8,24.5,24.9,159.9,181.2,182.0,182.1,182.2,0.5
2023-12-08 13:07:27,23.1,25.0,24.7,25.2,161.6,183.2,183.9,184.1,184.1,0.5
2023-12-08 13:07:28,23.5,25.5,25.2,25.7,164.7,186.7,187.4,187.6,187.6,0.5
2023-12-08 13:07:29,23.7,25.8,25.5,25.9,166.3,188.5,189.3,189.4,189.5,0.5
2023-12-08 13:07:30,23.8,25.9,25.6,26.0,167.2,189.5,190.3,190.4,190.4,0.5
2023-12-08 13:07:31,23.9,25.9,25.7,26.1,167.6,190.0,190.8,190.9,190.9,0.5
2023-12-08 13:07:32,23.9,26.0,25.7,26.1,167.8,190.1,190.9,191.1,191.1,0.5
2023-12-08 13:07:33,24.0,26.0,25.7,26.1,167.9,190.3,191.1,191.2,191.3,0.5
2023-12-08 13:07:34,23.9,25.9,25.6,26.1,167.5,189.9,190.7,190.8,190.8,0.5
2023-12-08 13:07:36,23.8,25.9,25.6,26.0,167.1,189.4,190.2,190.3,190.4,0.5
2023-12-08 13:07:37,23.8,25.9,25.6,26.0,167.0,189.3,190.1,190.2,190.2,0.5
2023-12-08 13:07:38,23.9,25.9,25.6,26.0,167.2,189.5,190.3,190.4,190.5,0.5
2023-12-08 13:07:39,23.9,25.9,25.6,26.1,167.4,189.7,190.5,190.6,190.7,0.5
2023-12-08 13:07:40,23.9,25.9,25.6,26.1,167.4,189.7,190.5,190.6,190.7,0.5
2023-12-08 13:07:41,23.9,25.9,25.6,26.0,167.2,189.6,190.3,190.5,190.5,0.5
2023-12-08 13:07:42,23.8,25.8,25.5,26.0,166.6,188.9,189.7,189.8,189.9,0.5
2023-12-08 13:07:43,23.4,25.5,25.2,25.6,164.3,186.3,187.1,187.2,187.2,0.5
2023-12-08 13:07:44,23.2,25.2,24.9,25.4,162.9,184.7,185.4,185.6,185.6,0.5
2023-12-08 13:07:45,23.1,25.0,24.7,25.2,161.6,183.2,183.9,184.1,184.1,0.5
2023-12-08 13:07:46,22.9,24.8,24.5,25.0,160.3,181.7,182.5,182.6,182.6,0.5
2023-12-08 13:07:47,22.7,24.7,24.4,24.8,159.0,180.3,181.0,181.2,181.2,0.5
2023-12-08 13:07:48,22.5,24.5,24.2,24.6,157.7,178.8,179.6,179.7,179.8,0.5
2023-12-08 13:07:49,22.3,24.2,23.9,24.4,156.0,176.9,177.7,177.8,177.8,0.5
2023-12-08 13:07:51,22.1,24.0,23.7,24.2,154.5,175.2,176.0,176.1,176.1,0.5
2023-12-08 13:07:52,21.8,23.8,23.5,23.9,152.8,173.3,174.1,174.2,174.3,0.5
2023-12-08 13:07:53,21.5,23.5,23.2,23.6,150.9,171.1,171.9,172.0,172.1,0.5
2023-12-08 13:07:54,21.3,23.2,22.9,23.4,149.3,169.4,170.1,170.3,170.3,0.5
2023-12-08 13:07:55,21.2,23.1,22.8,23.2,148.2,168.0,168.8,168.9,169.0,0.5
2023-12-08 13:07:56,21.0,22.9,22.6,23.1,147.2,167.0,167.7,167.8,167.9,0.5
2023-12-08 13:07:57,21.0,22.9,22.6,23.1,146.9,166.7,167.4,167.6,167.6,0.5
2023-12-08 13:07:58,22.7,24.8,24.5,25.0,159.2,180.6,181.4,181.6,181.6,0.5
2023-12-08 13:07:59,24.3,26.5,26.2,26.7,170.1,193.0,193.8,194.0,194.1,0.5
2023-12-08 13:08:00,26.5,29.0,28.6,29.2,185.7,210.8,211.7,211.9,212.0,0.6
2023-12-08 13:08:01,29.0,31.7,31.2,31.9,202.7,230.0,231.1,231.2,231.3,0.6
2023-12-08 13:08:02,30.4,33.3,32.8,33.5,213.0,241.7,242.9,243.1,243.1,0.5
2023-12-08 13:08:03,31.1,34.0,33.5,34.2,217.3,246.6,247.8,248.0,248.0,0.5
2023-12-08 13:08:04,31.6,34.5,34.0,34.8,220.7,250.5,251.7,251.9,252.0,0.5
2023-12-08 13:08:06,32.0,35.1,34.5,35.4,224.1,254.4,255.6,255.8,255.9,0.5
2023-12-08 13:08:07,32.4,35.5,35.0,35.8,226.7,257.4,258.6,258.8,258.9,0.5
2023-12-08 13:08:08,32.6,35.8,35.2,36.0,228.3,259.2,260.4,260.6,260.7,0.5
2023-12-08 13:08:09,32.7,35.8,35.2,36.1,228.6,259.5,260.8,261.0,261.1,0.5
2023-12-08 13:08:10,32.5,35.6,35.0,35.8,227.1,257.8,259.0,259.2,259.3,0.5
2023-12-08 13:08:11,32.2,35.3,34.8,35.6,225.5,255.9,257.2,257.4,257.4,0.5
2023-12-08 13:08:12,32.0,35.0,34.5,35.3,223.8,254.0,255.2,255.4,255.5,0.5
2023-12-08 13:08:13,31.7,34.6,34.1,34.9,221.4,251.3,252.5,252.7,252.8,0.5
2023-12-08 13:08:14,31.6,34.5,34.0,34.8,220.8,250.6,251.8,252.0,252.1,0.5
2023-12-08 13:08:15,31.5,34.5,34.0,34.7,220.5,250.2,251.4,251.6,251.7,0.5
2023-12-08 13:08:16,31.5,34.4,33.9,34.7,220.1,249.8,251.0,251.2,251.3,0.5
2023-12-08 13:08:17,31.4,34.3,33.8,34.5,219.3,248.9,250.1,250.3,250.3,0.5
2023-12-08 13:08:18,31.2,34.1,33.6,34.4,218.2,247.7,248.8,249.0,249.1,0.5
2023-12-08 13:08:19,31.1,34.0,33.5,34.2,217.3,246.6,247.8,248.0,248.1,0.5
2023-12-08 13:08:20,31.0,33.9,33.4,34.2,217.2,246.5,247.6,247.8,247.9,0.5
2023-12-08 13:08:21,30.9,33.8,33.3,34.0,216.4,245.6,246.7,246.9,247.0,0.5
2023-12-08 13:08:22,30.7,33.5,33.1,33.8,215.0,243.9,245.0,245.2,245.3,0.5
2023-12-08 13:08:24,30.5,33.2,32.8,33.5,213.2,241.8,242.9,243.1,243.2,0.5
2023-12-08 13:08:25,30.2,32.9,32.5,33.1,211.2,239.6,240.7,240.9,240.9,0.5
2023-12-08 13:08:26,29.9,32.5,32.1,32.7,209.0,237.1,238.1,238.3,238.4,0.5
2023-12-08 13:08:27,29.4,32.0,31.6,32.3,206.0,233.6,234.7,234.8,234.9,0.5
2023-12-08 13:08:28,29.0,31.6,31.2,31.8,203.4,230.6,231.6,231.8,231.9,0.5
2023-12-08 13:08:29,28.6,31.1,30.7,31.3,200.0,226.8,227.8,228.0,228.0,0.5
2023-12-08 13:08:30,27.4,29.8,29.4,30.0,191.8,217.5,218.5,218.6,218.7,0.5
2023-12-08 13:08:31,27.0,29.4,29.0,29.6,189.1,214.5,215.4,215.5,215.6,0.5
2023-12-08 13:08:32,26.7,29.0,28.7,29.2,186.9,212.0,212.9,213.0,213.1,0.5
2023-12-08 13:08:33,26.5,28.8,28.4,29.0,185.3,210.2,211.1,211.2,211.3,0.5
2023-12-08 13:08:34,26.3,28.6,28.3,28.8,184.3,209.0,209.9,210.0,210.1,0.5
2023-12-08 13:08:35,26.1,28.4,28.1,28.6,183.0,207.5,208.4,208.5,208.6,0.5
2023-12-08 13:08:36,26.0,28.3,27.9,28.4,182.0,206.4,207.3,207.4,207.5,0.5
2023-12-08 13:08:37,25.9,28.2,27.8,28.3,181.3,205.6,206.5,206.6,206.7,0.5
2023-12-08 13:08:38,25.8,28.1,27.7,28.3,180.8,205.0,205.9,206.1,206.2,0.5
2023-12-08 13:08:39,25.7,28.0,27.7,28.2,180.2,204.4,205.3,205.4,205.5,0.5
2023-12-08 13:08:40,25.6,27.9,27.5,28.1,179.5,203.5,204.4,204.6,204.6,0.5
2023-12-08 13:08:42,25.5,27.8,27.4,28.0,178.8,202.8,203.7,203.8,203.9,0.5
2023-12-08 13:08:43,25.5,27.7,27.4,27.9,178.3,202.2,203.1,203.2,203.3,0.5
2023-12-08 13:08:44,25.6,27.8,27.5,28.0,179.1,203.1,204.0,204.1,204.2,0.5
2023-12-08 13:08:45,25.6,27.9,27.5,28.0,179.3,203.3,204.2,204.4,204.4,0.5
2023-12-08 13:08:46,25.7,27.9,27.6,28.1,179.8,203.9,204.8,204.9,205.0,0.5
2023-12-08 13:08:47,25.9,28.1,27.8,28.3,181.1,205.3,206.2,206.4,206.4,0.5
2023-12-08 13:08:48,26.0,28.2,27.9,28.4,181.8,206.1,207.0,207.2,207.2,0.5
2023-12-08 13:08:49,26.1,28.3,28.0,28.5,182.8,207.2,208.0,208.2,208.2,0.5
2023-12-08 13:08:50,26.2,28.5,28.1,28.6,183.8,208.3,209.1,209.3,209.3,0.5
2023-12-08 13:08:51,26.3,28.6,28.2,28.7,184.6,209.2,210.1,210.2,210.3,0.5
2023-12-08 13:08:52,26.4,28.7,28.4,28.8,185.4,210.1,211.0,211.1,211.2,0.5
2023-12-08 13:08:53,26.5,28.7,28.4,28.8,185.7,210.4,211.3,211.4,211.5,0.5
2023-12-08 13:08:54,26.6,28.8,28.5,28.9,186.4,211.2,212.0,212.2,212.2,0.5
2023-12-08 13:08:55,26.7,28.9,28.6,29.0,187.2,212.0,212.9,213.0,213.1,0.5
2023-12-08 13:08:56,26.8,29.0,28.7,29.1,187.7,212.7,213.5,213.7,213.7,0.5
2023-12-08 13:08:57,27.0,29.2,28.9,29.3,189.3,214.5,215.3,215.5,215.5,0.5
2023-12-08 13:08:58,27.1,29.3,29.0,29.5,190.3,215.5,216.4,216.5,216.6,0.5
2023-12-08 13:09:00,27.2,29.4,29.1,29.5,190.7,216.0,216.9,217.0,217.0,0.5
2023-12-08 13:09:01,27.3,29.5,29.2,29.6,191.4,216.8,217.6,217.7,217.8,0.5
2023-12-08 13:09:02,27.4,29.7,29.4,29.8,192.5,218.1,218.9,219.1,219.1,0.5
2023-12-08 13:09:03,27.5,29.7,29.4,29.9,192.9,218.6,219.4,219.5,219.6,0.5
2023-12-08 13:09:04,27.6,29.9,29.6,30.0,193.6,219.4,220.2,220.4,220.4,0.5
2023-12-08 13:09:05,27.7,30.0,29.6,30.1,194.1,219.9,220.8,220.9,221.0,0.5
2023-12-08 13:09:06,27.9,30.1,29.8,30.3,195.3,221.3,222.2,222.3,222.4,0.5
2023-12-08 13:09:07,27.9,30.2,29.9,30.4,195.8,221.8,222.7,222.8,222.9,0.5
2023-12-08 13:09:08,27.9,30.2,29.9,30.4,195.8,221.9,222.8,222.9,223.0,0.5
2023-12-08 13:09:09,28.0,30.3,30.0,30.5,196.1,222.2,223.1,223.3,223.3,0.5
2023-12-08 13:09:10,28.0,30.3,30.0,30.5,196.5,222.7,223.6,223.7,223.8,0.5
2023-12-08 13:09:11,28.1,30.4,30.1,30.6,197.0,223.2,224.1,224.3,224.3,0.5
2023-12-08 13:09:12,28.2,30.6,30.3,30.7,198.1,224.5,225.4,225.5,225.6,0.5
2023-12-08 13:09:13,28.5,30.8,30.5,31.0,199.7,226.3,227.2,227.3,227.4,0.5
2023-12-08 13:09:14,28.6,31.0,30.7,31.1,200.8,227.5,228.4,228.5,228.6,0.5
2023-12-08 13:09:15,28.8,31.1,30.8,31.3,201.7,228.5,229.4,229.6,229.6,0.5
2023-12-08 13:09:16,28.9,31.3,31.0,31.5,202.9,229.9,230.8,230.9,231.0,0.5
2023-12-08 13:09:18,29.1,31.5,31.2,31.7,204.5,231.6,232.5,232.7,232.7,0.5
2023-12-08 13:09:19,29.4,31.7,31.4,31.9,205.9,233.3,234.2,234.3,234.4,0.5
2023-12-08 13:09:20,29.5,31.9,31.6,32.0,207.0,234.5,235.4,235.5,235.6,0.5
2023-12-08 13:09:21,29.7,32.1,31.7,32.2,208.1,235.7,236.6,236.8,236.8,0.5
2023-12-08 13:09:22,29.8,32.2,31.9,32.4,209.2,237.0,237.9,238.0,238.1,0.5
2023-12-08 13:09:23,30.1,32.5,32.2,32.7,211.0,239.0,239.9,240.1,240.2,0.5
2023-12-08 13:09:24,30.1,32.6,32.2,32.7,211.3,239.4,240.3,240.5,240.5,0.5
2023-12-08 13:09:25,30.3,32.8,32.4,32.9,212.6,240.8,241.7,241.9,242.0,0.5
2023-12-08 13:09:26,30.5,32.9,32.6,33.1,213.8,242.1,243.1,243.2,243.3,0.5
2023-12-08 13:09:27,30.6,33.1,32.8,33.3,214.8,243.3,244.2,244.4,244.4,0.5
2023-12-08 13:09:28,30.8,33.3,32.9,33.4,215.9,244.6,245.5,245.7,245.8,0.5
2023-12-08 13:09:29,30.9,33.4,33.1,33.5,216.7,245.4,246.4,246.5,246.6,0.5
2023-12-08 13:09:30,31.0,33.5,33.2,33.7,217.5,246.4,247.3,247.5,247.6,0.5
2023-12-08 13:09:31,31.2,33.7,33.3,33.8,218.6,247.6,248.6,248.7,248.8,0.5
2023-12-08 13:09:32,31.3,33.8,33.5,34.0,219.6,248.7,249.7,249.8,249.9,0.5
2023-12-08 13:09:33,31.4,33.9,33.6,34.1,220.2,249.4,250.4,250.5,250.6,0.5
2023-12-08 13:09:34,31.5,34.0,33.7,34.2,221.0,250.3,251.3,251.4,251.5,0.5
2023-12-08 13:09:35,31.6,34.1,33.8,34.3,221.8,251.2,252.1,252.2,252.3,0.5
2023-12-08 13:09:36,31.8,34.3,34.0,34.4,222.9,252.4,253.4,253.5,253.6,0.5
2023-12-08 13:09:37,32.0,34.5,34.2,34.7,224.5,254.2,255.1,255.3,255.4,0.5
2023-12-08 13:09:39,32.2,34.8,34.5,35.0,226.2,256.2,257.1,257.3,257.4,0.5
2023-12-08 13:09:40,32.5,35.1,34.8,35.2,228.2,258.4,259.3,259.5,259.5,0.5
2023-12-08 13:09:41,32.9,35.5,35.1,35.6,230.6,261.1,262.1,262.2,262.3,0.5
2023-12-08 13:09:42,33.1,35.8,35.4,35.9,232.4,263.2,264.2,264.4,264.4,0.5
2023-12-08 13:09:43,33.5,36.2,35.8,36.3,234.8,266.0,267.0,267.2,267.2,0.5
2023-12-08 13:09:44,33.5,36.3,35.9,36.5,235.4,266.6,267.6,267.8,267.9,0.5
2023-12-08 13:09:45,33.7,36.5,36.1,36.6,236.5,267.9,268.9,269.1,269.1,0.5
2023-12-08 13:09:46,33.9,36.7,36.3,36.9,237.7,269.3,270.3,270.5,270.6,0.5
2023-12-08 13:09:47,34.1,36.9,36.5,37.1,239.2,271.0,272.1,272.3,272.4,0.5
2023-12-08 13:09:48,34.3,37.2,36.8,37.4,240.6,272.6,273.7,273.9,274.0,0.5
2023-12-08 13:09:49,34.6,37.5,37.1,37.7,242.4,274.6,275.7,275.9,276.0,0.5
2023-12-08 13:09:50,34.7,37.6,37.2,37.8,243.3,275.7,276.8,277.0,277.1,0.5
2023-12-08 13:09:51,34.8,37.7,37.3,37.9,243.7,276.2,277.3,277.5,277.5,0.5
2023-12-08 13:09:52,34.7,37.7,37.2,37.9,243.4,275.9,277.0,277.2,277.3,0.5
2023-12-08 13:09:53,34.8,37.8,37.3,38.0,244.1,276.6,277.8,277.9,278.0,0.5
2023-12-08 13:09:54,35.0,38.0,37.5,38.2,245.2,277.9,279.0,279.2,279.3,0.5
2023-12-08 13:09:55,35.0,38.0,37.6,38.2,245.5,278.2,279.4,279.6,279.7,0.5
2023-12-08 13:09:56,35.1,38.1,37.7,38.3,245.9,278.8,279.9,280.1,280.2,0.5
2023-12-08 13:09:57,35.2,38.2,37.8,38.4,246.6,279.5,280.6,280.8,280.9,0.5
2023-12-08 13:09:58,35.2,38.2,37.8,38.4,246.8,279.7,280.9,281.1,281.1,0.5
2023-12-08 13:09:59,35.3,38.3,37.9,38.5,247.5,280.5,281.7,281.9,281.9,0.5
2023-12-08 13:10:01,35.4,38.4,38.0,38.6,248.1,281.2,282.3,282.5,282.6,0.5
2023-12-08 13:10:02,35.5,38.4,38.0,38.7,248.6,281.8,282.9,283.1,283.2,0.5
2023-12-08 13:10:03,35.9,38.8,38.4,39.1,251.5,285.0,286.1,286.3,286.4,0.5
2023-12-08 13:10:04,36.1,39.0,38.6,39.3,252.9,286.5,287.7,287.9,287.9,0.5
2023-12-08 13:10:05,36.3,39.3,38.9,39.5,254.4,288.3,289.4,289.6,289.7,0.5
2023-12-08 13:10:06,36.6,39.6,39.2,39.8,256.5,290.6,291.7,291.9,292.0,0.5
2023-12-08 13:10:07,36.7,39.7,39.3,40.0,257.3,291.6,292.7,292.9,293.0,0.5
2023-12-08 13:10:08,36.7,39.8,39.4,40.0,257.6,291.9,293.0,293.2,293.3,0.5
2023-12-08 13:10:09,36.7,39.8,39.4,40.0,257.6,291.8,293.0,293.2,293.3,0.5
2023-12-08 13:10:10,36.8,39.9,39.4,40.1,258.1,292.4,293.6,293.8,293.9,0.5
2023-12-08 13:10:11,36.9,40.0,39.5,40.2,258.7,293.1,294.3,294.5,294.6,0.5
2023-12-08 13:10:12,37.0,40.1,39.6,40.3,259.4,293.9,295.1,295.3,295.3,0.5
2023-12-08 13:10:13,37.1,40.2,39.8,40.4,260.5,295.2,296.4,296.6,296.6,0.5
2023-12-08 13:10:14,37.4,40.5,40.1,40.7,262.2,297.1,298.3,298.5,298.6,0.5
2023-12-08 13:10:15,37.7,40.9,40.4,41.1,264.6,299.8,301.0,301.2,301.2,0.5
2023-12-08 13:10:16,38.0,41.2,40.7,41.4,266.5,302.0,303.2,303.4,303.4,0.5
2023-12-08 13:10:17,38.3,41.5,41.1,41.7,268.8,304.5,305.8,306.0,306.0,0.5
2023-12-08 13:10:18,38.6,41.9,41.4,42.1,271.0,307.1,308.3,308.5,308.6,0.5
2023-12-08 13:10:19,39.0,42.3,41.8,42.5,273.9,310.3,311.5,311.7,311.8,0.5
2023-12-08 13:10:20,39.4,42.7,42.2,42.9,276.5,313.3,314.5,314.7,314.8,0.5
2023-12-08 13:10:22,39.6,42.9,42.5,43.1,278.0,315.0,316.2,316.4,316.5,0.5
2023-12-08 13:10:23,39.8,43.1,42.6,43.3,279.1,316.2,317.4,317.6,317.7,0.5
2023-12-08 13:10:24,39.8,43.1,42.6,43.3,278.9,316.0,317.2,317.4,317.5,0.5
2023-12-08 13:10:25,39.7,43.0,42.5,43.2,278.4,315.4,316.7,316.9,317.0,0.5
2023-12-08 13:10:26,39.6,42.9,42.4,43.1,277.7,314.6,315.8,316.0,316.1,0.5
2023-12-08 13:10:27,39.5,42.8,42.4,43.0,277.2,314.1,315.4,315.6,315.6,0.5
2023-12-08 13:10:28,39.5,42.8,42.3,43.0,277.0,313.9,315.1,315.3,315.4,0.5
2023-12-08 13:10:29,39.4,42.7,42.3,43.0,276.6,313.4,314.7,314.9,315.0,0.5
2023-12-08 13:10:30,39.4,42.7,42.2,42.9,276.2,313.0,314.3,314.5,314.6,0.5
2023-12-08 13:10:31,39.4,42.7,42.2,42.9,276.4,313.2,314.4,314.6,314.7,0.5
2023-12-08 13:10:32,39.4,42.7,42.2,42.9,276.4,313.2,314.4,314.6,314.7,0.5
2023-12-08 13:10:33,39.5,42.8,42.3,43.0,277.0,313.9,315.1,315.3,315.4,0.5
2023-12-08 13:10:34,39.5,42.8,42.3,43.0,277.1,314.0,315.2,315.4,315.5,0.5
2023-12-08 13:10:35,39.7,42.9,42.5,43.2,278.3,315.3,316.5,316.7,316.8,0.5
2023-12-08 13:10:36,39.9,43.1,42.7,43.4,279.6,316.7,318.0,318.2,318.3,0.5
2023-12-08 13:10:37,40.1,43.3,42.9,43.6,281.0,318.3,319.5,319.7,319.8,0.5
2023-12-08 13:10:38,40.3,43.6,43.1,43.8,282.5,320.1,321.3,321.5,321.6,0.5
2023-12-08 13:10:39,40.4,43.7,43.2,43.9,283.1,320.8,322.0,322.2,322.3,0.5
2023-12-08 13:10:40,40.4,43.7,43.3,44.0,283.6,321.3,322.5,322.8,322.8,0.5
2023-12-08 13:10:42,40.4,43.7,43.3,44.0,283.7,321.4,322.6,322.8,322.9,0.5
2023-12-08 13:10:43,40.3,43.6,43.2,43.8,282.9,320.5,321.7,321.9,322.0,0.5
2023-12-08 13:10:44,40.3,43.6,43.1,43.8,282.7,320.2,321.4,321.6,321.7,0.5
2023-12-08 13:10:45,40.2,43.5,43.1,43.7,282.3,319.8,321.0,321.2,321.3,0.5
2023-12-08 13:10:46,40.1,43.4,42.9,43.6,281.4,318.7,319.9,320.1,320.2,0.5
2023-12-08 13:10:47,39.9,43.1,42.7,43.4,280.1,317.2,318.4,318.6,318.7,0.5
2023-12-08 13:10:48,39.8,43.1,42.6,43.3,279.5,316.6,317.8,318.0,318.1,0.5
2023-12-08 13:10:49,39.7,42.9,42.5,43.2,278.8,315.8,317.0,317.2,317.3,0.5
2023-12-08 13:10:50,39.6,42.8,42.3,43.0,277.6,314.5,315.6,315.8,315.9,0.5
2023-12-08 13:10:51,39.4,42.6,42.2,42.8,276.6,313.2,314.4,314.6,314.7,0.5
2023-12-08 13:10:52,39.2,42.3,41.9,42.5,274.9,311.3,312.5,312.7,312.8,0.5
2023-12-08 13:10:53,39.0,42.1,41.7,42.3,273.4,309.7,310.9,311.1,311.2,0.5
2023-12-08 13:10:54,38.9,42.0,41.6,42.2,272.8,309.0,310.1,310.3,310.4,0.5
2023-12-08 13:10:55,38.7,41.8,41.4,42.0,271.8,307.8,309.0,309.2,309.3,0.5
2023-12-08 13:10:56,38.7,41.8,41.4,42.0,271.8,307.8,308.9,309.1,309.2,0.5
2023-12-08 13:10:57,38.7,41.8,41.4,42.0,271.4,307.4,308.6,308.8,308.8,0.5
2023-12-08 13:10:58,38.7,41.8,41.4,42.0,271.7,307.7,308.9,309.1,309.2,0.5
2023-12-08 13:10:59,38.9,42.0,41.6,42.2,273.2,309.4,310.5,310.7,310.8,0.5
2023-12-08 13:11:00,39.2,42.3,41.9,42.5,274.9,311.4,312.5,312.7,312.8,0.5
2023-12-08 13:11:02,39.3,42.4,42.0,42.6,275.5,312.0,313.2,313.4,313.5,0.5
2023-12-08 13:11:03,39.2,42.4,42.0,42.6,275.2,311.7,312.9,313.1,313.2,0.5
2023-12-08 13:11:04,39.2,42.4,42.0,42.6,275.2,311.8,313.0,313.2,313.2,0.5
2023-12-08 13:11:05,39.1,42.3,41.8,42.5,274.3,310.7,311.9,312.1,312.2,0.5
2023-12-08 13:11:06,38.9,42.0,41.6,42.2,272.6,308.8,310.0,310.2,310.3,0.5
2023-12-08 13:11:07,38.6,41.7,41.3,41.9,270.9,306.9,308.0,308.2,308.3,0.5
2023-12-08 13:11:08,38.2,41.3,40.9,41.5,268.1,303.7,304.9,305.1,305.1,0.5
2023-12-08 13:11:09,37.6,40.6,40.2,40.8,263.5,298.5,299.6,299.8,299.8,0.5
2023-12-08 13:11:10,36.6,39.5,39.1,39.7,256.7,290.7,291.8,292.0,292.1,0.5
2023-12-08 13:11:11,35.2,38.0,37.6,38.1,246.8,279.5,280.6,280.7,280.8,0.5
2023-12-08 13:11:12,34.0,36.7,36.4,36.9,238.7,270.3,271.3,271.5,271.5,0.5
2023-12-08 13:11:13,32.8,35.3,35.0,35.5,230.0,260.4,261.3,261.5,261.6,0.5
2023-12-08 13:11:14,31.5,34.0,33.7,34.2,221.4,250.7,251.6,251.8,251.8,0.5
2023-12-08 13:11:15,30.7,33.0,32.8,33.2,215.3,243.7,244.6,244.7,244.8,0.5
2023-12-08 13:11:16,29.9,32.2,31.9,32.3,209.9,237.6,238.5,238.6,238.7,0.5
2023-12-08 13:11:17,29.3,31.5,31.3,31.7,205.7,232.9,233.7,233.9,233.9,0.5
2023-12-08 13:11:18,28.8,31.0,30.8,31.1,202.4,229.1,229.9,230.0,230.1,0.5
2023-12-08 13:11:19,27.8,29.8,29.6,30.0,195.0,220.7,221.4,221.6,221.6,0.5
2023-12-08 13:11:21,27.1,29.1,28.9,29.2,190.1,215.1,215.8,216.0,216.0,0.5
2023-12-08 13:11:22,26.3,28.2,28.0,28.3,184.5,208.8,209.5,209.6,209.6,0.5
2023-12-08 13:11:23,25.7,27.6,27.4,27.7,180.9,204.7,205.3,205.4,205.5,0.5
2023-12-08 13:11:24,25.4,27.2,27.0,27.3,178.3,201.7,202.4,202.5,202.6,0.5
2023-12-08 13:11:25,24.9,26.7,26.5,26.8,175.1,198.1,198.7,198.8,198.9,0.5
2023-12-08 13:11:26,24.5,26.3,26.1,26.4,172.4,195.1,195.7,195.8,195.8,0.5
2023-12-08 13:11:27,24.2,25.9,25.8,26.0,170.2,192.5,193.1,193.2,193.3,0.5
2023-12-08 13:11:28,23.8,25.5,25.3,25.6,167.3,189.2,189.8,189.9,190.0,0.5
2023-12-08 13:11:29,23.3,25.0,24.9,25.1,164.2,185.7,186.3,186.4,186.4,0.5
2023-12-08 13:11:30,22.8,24.5,24.3,24.5,160.7,181.7,182.3,182.4,182.4,0.5
2023-12-08 13:11:31,22.1,23.7,23.6,23.8,155.8,176.2,176.7,176.8,176.8,0.5
2023-12-08 13:11:32,21.6,23.1,23.0,23.1,151.8,171.7,172.2,172.3,172.3,0.5
2023-12-08 13:11:33,21.2,22.6,22.5,22.7,148.9,168.3,168.8,168.9,169.0,0.5
2023-12-08 13:11:34,20.8,22.2,22.1,22.3,146.2,165.3,165.8,165.9,165.9,0.5
2023-12-08 13:11:35,20.4,21.8,21.7,21.9,143.5,162.3,162.8,162.8,162.9,0.5
2023-12-08 13:11:36,19.7,21.0,20.9,21.1,138.4,156.5,156.9,157.0,157.0,0.5
2023-12-08 13:11:37,19.3,20.7,20.6,20.7,136.0,153.7,154.2,154.3,154.3,0.5
2023-12-08 13:11:39,19.0,20.3,20.2,20.3,133.4,150.8,151.2,151.3,151.3,0.5
2023-12-08 13:11:40,18.6,19.8,19.7,19.9,130.6,147.7,148.1,148.2,148.2,0.5
2023-12-08 13:11:41,18.2,19.5,19.4,19.5,128.3,145.1,145.5,145.5,145.6,0.5
2023-12-08 13:11:42,17.9,19.1,19.0,19.1,125.8,142.2,142.7,142.7,142.7,0.5
2023-12-08 13:11:43,17.5,18.7,18.6,18.8,123.3,139.4,139.8,139.9,139.9,0.5
2023-12-08 13:11:44,17.2,18.4,18.3,18.5,121.2,137.1,137.5,137.5,137.6,0.5
2023-12-08 13:11:45,17.0,18.1,18.0,18.1,119.5,135.1,135.5,135.5,135.6,0.5
2023-12-08 13:11:46,16.7,17.8,17.8,17.9,118.0,133.3,133.7,133.7,133.7,0.5
2023-12-08 13:11:47,16.5,17.5,17.5,17.5,116.0,131.0,131.4,131.4,131.5,0.5
2023-12-08 13:11:48,16.2,17.3,17.2,17.3,114.5,129.3,129.7,129.7,129.7,0.5
2023-12-08 13:11:49,16.0,17.0,17.0,17.0,112.8,127.4,127.7,127.7,127.8,0.5
2023-12-08 13:11:50,15.8,16.7,16.7,16.7,111.2,125.6,125.8,125.9,125.9,0.5
2023-12-08 13:11:51,15.5,16.5,16.4,16.5,109.4,123.5,123.8,123.8,123.9,0.5
2023-12-08 13:11:52,15.3,16.3,16.3,16.3,108.2,122.2,122.5,122.5,122.5,0.5
2023-12-08 13:11:53,15.3,16.3,16.2,16.3,108.0,122.0,122.3,122.3,122.3,0.5
2023-12-08 13:11:54,17.5,18.5,18.5,18.6,123.0,138.9,139.3,139.3,139.4,0.5
2023-12-08 13:11:55,22.5,24.0,23.9,24.0,158.8,179.4,179.9,180.0,180.0,0.5
2023-12-08 13:11:57,29.3,31.1,31.1,31.2,206.3,233.1,233.7,233.8,233.8,0.5
2023-12-08 13:11:58,32.7,34.8,34.7,34.8,230.3,260.2,260.8,260.9,261.0,0.5
2023-12-08 13:11:59,33.3,35.4,35.3,35.5,234.6,265.1,265.8,265.9,265.9,0.5
2023-12-08 13:12:00,34.1,36.3,36.2,36.3,240.3,271.5,272.2,272.3,272.3,0.5
2023-12-08 13:12:01,34.5,36.7,36.6,36.8,242.9,274.5,275.2,275.3,275.4,0.5
2023-12-08 13:12:02,34.9,37.2,37.1,37.3,246.1,278.0,278.8,278.9,279.0,0.5
2023-12-08 13:12:03,36.7,39.1,39.0,39.2,258.8,292.5,293.2,293.3,293.4,0.5
2023-12-08 13:12:04,38.9,41.5,41.3,41.5,274.2,309.8,310.6,310.7,310.8,0.5
2023-12-08 13:12:05,40.2,42.8,42.7,42.9,283.0,319.8,320.7,320.8,320.9,0.5
2023-12-08 13:12:06,40.9,43.6,43.5,43.7,288.3,325.8,326.7,326.8,326.9,0.5
2023-12-08 13:12:07,41.4,44.1,44.0,44.2,291.8,329.7,330.6,330.7,330.8,0.5
2023-12-08 13:12:08,41.5,44.3,44.1,44.3,292.6,330.6,331.5,331.6,331.7,0.5
2023-12-08 13:12:09,41.5,44.3,44.1,44.3,292.4,330.5,331.4,331.5,331.6,0.5
2023-12-08 13:12:10,41.4,44.1,44.0,44.2,291.6,329.5,330.4,330.6,330.6,0.5
2023-12-08 13:12:11,41.7,44.4,44.3,44.5,293.3,331.5,332.5,332.6,332.7,0.5
2023-12-08 13:12:12,42.1,44.9,44.7,45.0,296.3,334.9,335.9,336.0,336.1,0.5
2023-12-08 13:12:13,42.3,45.1,44.9,45.2,297.5,336.3,337.3,337.4,337.5,0.5
2023-12-08 13:12:14,42.3,45.3,45.0,45.4,298.0,336.9,337.9,338.0,338.1,0.5
2023-12-08 13:12:16,42.3,45.2,45.0,45.4,297.6,336.5,337.5,337.7,337.8,0.5
2023-12-08 13:12:17,42.0,45.0,44.7,45.1,295.6,334.3,335.3,335.5,335.6,0.5
2023-12-08 13:12:18,41.8,44.7,44.5,44.8,293.7,332.2,333.2,333.4,333.4,0.5
2023-12-08 13:12:19,41.6,44.5,44.3,44.6,292.2,330.5,331.6,331.7,331.8,0.5
2023-12-08 13:12:20,41.5,44.5,44.2,44.6,291.8,330.1,331.2,331.3,331.4,0.5
2023-12-08 13:12:21,41.5,44.5,44.2,44.6,291.6,329.9,331.0,331.1,331.2,0.5
2023-12-08 13:12:22,41.4,44.4,44.1,44.6,291.0,329.3,330.4,330.5,330.6,0.5
2023-12-08 13:12:23,41.3,44.3,44.0,44.5,290.3,328.5,329.6,329.7,329.8,0.5
2023-12-08 13:12:24,41.2,44.3,44.0,44.4,289.8,327.9,329.0,329.2,329.3,0.5
2023-12-08 13:12:25,41.2,44.3,43.9,44.4,289.4,327.5,328.6,328.7,328.8,0.5
2023-12-08 13:12:26,41.0,44.1,43.8,44.3,288.3,326.3,327.4,327.6,327.7,0.5
2023-12-08 13:12:27,40.8,43.8,43.5,44.0,286.4,324.2,325.3,325.5,325.5,0.5
2023-12-08 13:12:28,40.5,43.6,43.3,43.8,284.7,322.3,323.4,323.6,323.6,0.5
2023-12-08 13:12:29,40.5,43.6,43.3,43.8,284.6,322.1,323.2,323.4,323.5,0.5
2023-12-08 13:12:30,40.6,43.7,43.4,43.9,285.3,322.9,324.0,324.2,324.3,0.5
2023-12-08 13:12:31,40.7,43.8,43.5,44.0,286.1,323.8,324.9,325.1,325.2,0.5
2023-12-08 13:12:32,40.8,43.9,43.6,44.1,286.5,324.3,325.5,325.6,325.7,0.5
2023-12-08 13:12:34,40.9,44.0,43.7,44.2,287.1,325.0,326.1,326.3,326.4,0.5
2023-12-08 13:12:35,41.0,44.1,43.8,44.3,287.7,325.7,326.8,327.0,327.1,0.5
2023-12-08 13:12:36,41.0,44.2,43.8,44.4,288.1,326.1,327.3,327.4,327.5,0.5
2023-12-08 13:12:37,41.1,44.3,43.9,44.5,288.7,326.8,327.9,328.1,328.2,0.5
2023-12-08 13:12:38,41.3,44.4,44.1,44.6,289.7,328.0,329.1,329.3,329.4,0.5
2023-12-08 13:12:39,41.4,44.6,44.2,44.7,290.6,329.0,330.1,330.3,330.4,0.5
2023-12-08 13:12:40,41.5,44.7,44.3,44.9,291.5,330.0,331.1,331.3,331.4,0.5
2023-12-08 13:12:41,41.7,44.8,44.5,45.0,292.6,331.2,332.3,332.5,332.6,0.5
2023-12-08 13:12:42,41.8,45.0,44.6,45.2,293.7,332.4,333.5,333.7,333.8,0.5
2023-12-08 13:12:43,42.0,45.2,44.8,45.3,294.8,333.7,334.8,335.0,335.1,0.5
2023-12-08 13:12:44,42.1,45.3,45.0,45.5,296.0,335.0,336.1,336.3,336.4,0.5
2023-12-08 13:12:45,42.2,45.4,45.0,45.6,296.5,335.6,336.8,336.9,337.0,0.5
2023-12-08 13:12:46,42.3,45.5,45.2,45.7,297.3,336.4,337.6,337.8,337.9,0.5
2023-12-08 13:12:47,42.9,46.1,45.7,46.2,301.3,341.0,342.1,342.3,342.4,0.5
2023-12-08 13:12:48,43.2,46.4,46.0,46.5,303.3,343.3,344.4,344.6,344.7,0.5
2023-12-08 13:12:49,43.4,46.7,46.3,46.8,305.3,345.5,346.6,346.8,346.9,0.5
2023-12-08 13:12:50,43.7,46.9,46.6,47.1,307.1,347.4,348.6,348.8,348.9,0.5
2023-12-08 13:12:51,44.1,47.3,47.0,47.5,309.9,350.7,351.8,352.0,352.1,0.5
2023-12-08 13:12:53,44.3,47.6,47.2,47.7,311.4,352.4,353.5,353.7,353.8,0.5
2023-12-08 13:12:54,44.5,47.8,47.5,47.9,312.9,354.0,355.2,355.3,355.4,0.5
2023-12-08 13:12:55,44.8,48.1,47.8,48.3,315.0,356.4,357.6,357.8,357.9,0.5
2023-12-08 13:12:56,45.1,48.4,48.1,48.6,317.0,358.7,359.8,360.0,360.1,0.5
2023-12-08 13:12:57,45.4,48.7,48.4,48.9,318.9,360.8,362.0,362.2,362.3,0.5
2023-12-08 13:12:58,45.7,49.0,48.7,49.2,320.9,363.1,364.3,364.5,364.5,0.5
2023-12-08 13:12:59,46.0,49.4,49.0,49.6,323.2,365.7,366.9,367.1,367.2,0.5
2023-12-08 13:13:00,46.3,49.7,49.3,49.9,325.0,367.8,369.0,369.2,369.3,0.5
2023-12-08 13:13:01,46.6,50.0,49.7,50.2,327.4,370.4,371.7,371.9,372.0,0.5
2023-12-08 13:13:02,46.9,50.4,50.1,50.6,329.9,373.3,374.5,374.7,374.8,0.5
2023-12-08 13:13:03,47.3,50.7,50.4,50.9,332.1,375.8,377.1,377.3,377.3,0.5
2023-12-08 13:13:04,47.9,51.4,51.0,51.6,336.5,380.7,382.0,382.2,382.3,0.5
2023-12-08 13:13:05,48.3,51.8,51.5,52.0,339.3,383.9,385.2,385.4,385.5,0.5
2023-12-08 13:13:06,48.6,52.1,51.8,52.3,341.5,386.4,387.6,387.8,387.9,0.5
2023-12-08 13:13:07,48.8,52.4,52.0,52.5,343.1,388.1,389.4,389.6,389.7,0.5
2023-12-08 13:13:08,49.1,52.7,52.3,52.8,345.1,390.4,391.7,391.9,392.0,0.5
2023-12-08 13:13:10,49.5,53.1,52.8,53.3,348.2,393.9,395.2,395.4,395.5,0.5
2023-12-08 13:13:11,49.8,53.5,53.1,53.7,350.4,396.4,397.7,397.9,398.0,0.5
2023-12-08 13:13:12,50.1,53.8,53.4,53.9,352.2,398.5,399.8,400.0,400.1,0.5
2023-12-08 13:13:13,50.5,54.2,53.8,54.3,354.9,401.5,402.8,403.0,403.1,0.5
2023-12-08 13:13:14,50.9,54.6,54.2,54.8,357.5,404.4,405.8,406.0,406.1,0.5
2023-12-08 13:13:15,51.2,55.0,54.6,55.2,360.2,407.5,408.8,409.0,409.1,0.5
2023-12-08 13:13:16,51.5,55.3,55.0,55.5,362.3,409.9,411.3,411.5,411.6,0.5
2023-12-08 13:13:17,52.0,55.8,55.5,56.0,365.6,413.7,415.0,415.2,415.3,0.5
2023-12-08 13:13:18,52.5,56.4,56.0,56.6,369.1,417.6,419.0,419.2,419.3,0.5
2023-12-08 13:13:19,52.9,56.8,56.4,57.0,371.7,420.6,421.9,422.2,422.3,0.5
2023-12-08 13:13:20,53.2,57.2,56.8,57.4,374.2,423.4,424.8,425.0,425.1,0.5
2023-12-08 13:13:21,53.9,57.9,57.5,58.1,378.6,428.4,429.8,430.1,430.2,0.5
2023-12-08 13:13:22,54.1,58.1,57.7,58.3,379.9,429.9,431.3,431.5,431.7,0.5
2023-12-08 13:13:23,54.3,58.4,57.9,58.6,381.6,431.9,433.3,433.5,433.6,0.5
2023-12-08 13:13:24,54.6,58.6,58.2,58.9,383.6,434.1,435.5,435.7,435.9,0.5
2023-12-08 13:13:25,54.8,58.9,58.5,59.1,385.4,436.1,437.6,437.8,437.9,0.5
2023-12-08 13:13:26,55.1,59.2,58.8,59.4,387.4,438.3,439.8,440.0,440.1,0.5
2023-12-08 13:13:28,55.4,59.5,59.1,59.7,389.1,440.3,441.8,442.0,442.1,0.5
2023-12-08 13:13:29,55.5,59.6,59.2,59.8,390.2,441.5,443.0,443.2,443.3,0.5
2023-12-08 13:13:30,55.8,59.9,59.5,60.1,391.9,443.4,444.9,445.1,445.2,0.5
2023-12-08 13:13:31,55.9,60.0,59.6,60.2,392.9,444.6,446.1,446.3,446.4,0.5
2023-12-08 13:13:32,56.1,60.2,59.8,60.4,394.1,445.9,447.4,447.6,447.7,0.5
2023-12-08 13:13:33,56.2,60.4,60.0,60.6,395.2,447.2,448.7,448.9,449.0,0.5
2023-12-08 13:13:34,56.4,60.6,60.2,60.8,396.5,448.7,450.2,450.4,450.5,0.5
2023-12-08 13:13:35,56.6,60.9,60.4,61.1,397.9,450.3,451.8,452.0,452.1,0.5
2023-12-08 13:13:36,56.9,61.1,60.7,61.4,399.5,452.2,453.7,454.0,454.1,0.5
2023-12-08 13:13:37,57.2,61.5,61.0,61.7,401.5,454.5,456.0,456.3,456.4,0.5
2023-12-08 13:13:38,57.6,62.0,61.5,62.2,404.3,457.7,459.3,459.5,459.6,0.5
2023-12-08 13:13:39,57.7,62.2,61.7,62.4,405.4,458.9,460.5,460.8,460.9,0.5
2023-12-08 13:13:44,58.3,62.8,62.3,63.1,409.3,463.4,465.1,465.3,465.5,0.5
2023-12-08 13:13:46,58.7,63.3,62.8,63.6,412.0,466.5,468.3,468.5,468.7,0.5
2023-12-08 13:13:47,59.0,63.7,63.1,64.0,413.9,468.8,470.5,470.8,470.9,0.5
2023-12-08 13:13:48,59.2,64.0,63.4,64.3,415.8,470.9,472.7,473.0,473.1,0.5
2023-12-08 13:13:49,59.8,64.7,64.0,65.0,419.2,474.9,476.7,477.0,477.2,0.5
2023-12-08 13:13:50,60.0,64.9,64.2,65.3,420.6,476.5,478.4,478.7,478.8,0.5
2023-12-08 13:13:51,60.1,65.1,64.4,65.5,421.6,477.7,479.6,480.0,480.1,0.5
2023-12-08 13:13:52,60.3,65.3,64.6,65.7,422.5,478.8,480.7,481.0,481.2,0.5
2023-12-08 13:13:53,60.3,65.4,64.6,65.8,422.4,478.7,480.7,481.1,481.2,0.5
2023-12-08 13:13:54,60.3,65.5,64.7,65.8,422.3,478.7,480.7,481.0,481.2,0.5
2023-12-08 13:13:55,60.3,65.5,64.7,65.9,422.3,478.8,480.8,481.2,481.3,0.5
2023-12-08 13:13:57,60.3,65.6,64.8,66.0,422.8,479.3,481.3,481.7,481.8,0.5
2023-12-08 13:13:58,60.3,65.6,64.8,66.0,422.6,479.1,481.2,481.5,481.7,0.5
2023-12-08 13:13:59,60.5,65.8,65.0,66.2,423.5,480.2,482.3,482.7,482.8,0.5
2023-12-08 13:14:00,60.6,66.0,65.2,66.4,424.8,481.7,483.8,484.1,484.3,0.5
2023-12-08 13:14:01,60.8,66.2,65.3,66.6,425.8,482.9,485.0,485.3,485.5,0.5
2023-12-08 13:14:02,61.0,66.4,65.5,66.8,426.9,484.2,486.3,486.7,486.8,0.5
2023-12-08 13:14:03,61.2,66.6,65.7,67.0,428.3,485.7,487.8,488.2,488.4,0.5
2023-12-08 13:14:04,61.4,66.8,66.0,67.2,429.9,487.5,489.6,490.0,490.1,0.5
2023-12-08 13:14:05,61.6,67.0,66.2,67.4,431.2,489.0,491.1,491.5,491.6,0.5
2023-12-08 13:14:06,61.7,67.2,66.4,67.7,432.1,490.1,492.3,492.7,492.8,0.5
2023-12-08 13:14:07,61.7,67.3,66.4,67.7,432.3,490.3,492.5,492.9,493.0,0.5
2023-12-08 13:14:08,61.8,67.3,66.4,67.7,432.4,490.5,492.6,493.0,493.2,0.5
2023-12-08 13:14:09,61.7,67.2,66.3,67.6,431.7,489.7,491.9,492.2,492.4,0.5
2023-12-08 13:14:10,61.6,67.1,66.2,67.6,431.2,489.1,491.3,491.7,491.8,0.5
2023-12-08 13:14:11,61.4,66.9,66.0,67.4,429.6,487.3,489.5,489.9,490.0,0.5
2023-12-08 13:14:12,61.0,66.6,65.7,67.0,427.2,484.6,486.8,487.2,487.4,0.5
2023-12-08 13:14:13,60.7,66.2,65.3,66.7,424.8,481.9,484.1,484.5,484.7,0.5
2023-12-08 13:14:15,60.4,65.9,65.0,66.3,422.6,479.4,481.6,481.9,482.1,0.5
2023-12-08 13:14:16,60.3,65.8,64.9,66.3,421.8,478.5,480.7,481.1,481.3,0.5
2023-12-08 13:14:17,60.2,65.7,64.8,66.2,421.4,478.1,480.3,480.7,480.8,0.5
2023-12-08 13:14:18,60.2,65.7,64.7,66.1,421.1,477.7,479.9,480.3,480.4,0.5
2023-12-08 13:14:19,60.1,65.5,64.6,66.0,420.5,477.0,479.2,479.5,479.7,0.5
2023-12-08 13:14:20,60.0,65.5,64.6,65.9,419.9,476.4,478.5,478.9,479.1,0.5
2023-12-08 13:14:21,60.0,65.5,64.6,66.0,420.2,476.7,478.9,479.3,479.4,0.5
2023-12-08 13:14:22,60.1,65.5,64.6,66.0,420.6,477.1,479.2,479.6,479.8,0.5
2023-12-08 13:14:23,60.3,65.7,64.8,66.1,422.1,478.7,480.8,481.2,481.3,0.5
2023-12-08 13:14:24,60.3,65.6,64.8,66.0,422.0,478.6,480.7,481.0,481.2,0.5
2023-12-08 13:14:25,60.1,65.4,64.6,65.9,421.2,477.6,479.7,480.0,480.2,0.5
2023-12-08 13:14:26,60.0,65.3,64.5,65.7,420.5,476.8,478.9,479.2,479.4,0.5
2023-12-08 13:14:27,60.0,65.2,64.4,65.6,420.3,476.5,478.6,478.9,479.1,0.5
2023-12-08 13:14:28,59.9,65.1,64.3,65.5,420.0,476.1,478.1,478.5,478.6,0.5
2023-12-08 13:14:29,59.9,65.1,64.3,65.4,419.7,475.7,477.7,478.1,478.2,0.5
2023-12-08 13:14:30,59.8,65.0,64.2,65.4,419.4,475.4,477.4,477.7,477.9,0.5
2023-12-08 13:14:32,60.0,65.1,64.3,65.5,420.3,476.4,478.4,478.7,478.9,0.5
2023-12-08 13:14:33,59.9,65.0,64.3,65.4,420.2,476.2,478.2,478.5,478.6,0.5
2023-12-08 13:14:34,59.9,64.9,64.2,65.3,420.1,476.1,478.0,478.3,478.4,0.5
2023-12-08 13:14:35,59.9,64.9,64.2,65.2,419.9,475.8,477.7,478.1,478.2,0.5
2023-12-08 13:14:36,59.8,64.8,64.1,65.1,419.5,475.3,477.1,477.4,477.6,0.5
2023-12-08 13:14:37,59.7,64.6,64.0,65.0,418.7,474.4,476.3,476.6,476.7,0.5
2023-12-08 13:14:38,59.7,64.6,63.9,64.9,418.7,474.3,476.2,476.5,476.6,0.5
2023-12-08 13:14:39,59.7,64.6,63.9,65.0,418.7,474.3,476.2,476.5,476.6,0.5
2023-12-08 13:14:40,60.0,65.0,64.3,65.3,420.9,476.9,478.8,479.1,479.2,0.5
2023-12-08 13:14:41,60.1,65.0,64.4,65.4,421.3,477.3,479.2,479.5,479.7,0.5
2023-12-08 13:14:42,60.2,65.2,64.5,65.5,422.6,478.8,480.6,481.0,481.1,0.5
2023-12-08 13:14:43,60.3,65.3,64.6,65.6,423.3,479.5,481.4,481.7,481.8,0.5
2023-12-08 13:14:44,60.4,65.3,64.7,65.6,423.9,480.1,482.0,482.3,482.4,0.5
2023-12-08 13:14:45,60.4,65.3,64.6,65.6,423.8,480.0,481.8,482.1,482.3,0.5
2023-12-08 13:14:46,60.4,65.2,64.6,65.5,423.8,480.0,481.8,482.1,482.2,0.5
2023-12-08 13:14:47,60.3,65.1,64.5,65.4,423.6,479.6,481.4,481.7,481.8,0.5
2023-12-08 13:14:49,60.3,65.0,64.5,65.3,423.3,479.3,481.0,481.3,481.4,0.5
2023-12-08 13:14:50,60.3,64.9,64.4,65.2,423.1,479.0,480.7,481.0,481.1,0.5
2023-12-08 13:14:51,60.4,65.0,64.5,65.3,423.9,479.9,481.6,481.9,482.0,0.5
2023-12-08 13:14:52,60.3,64.9,64.4,65.2,423.7,479.6,481.3,481.6,481.7,0.5
2023-12-08 13:14:53,60.4,65.0,64.5,65.2,424.1,480.1,481.7,482.0,482.1,0.5
2023-12-08 13:14:54,60.5,65.1,64.6,65.3,424.9,481.0,482.6,482.9,483.0,0.5
2023-12-08 13:14:55,60.5,65.1,64.6,65.3,425.3,481.3,483.0,483.2,483.3,0.5
2023-12-08 13:14:56,60.6,65.1,64.7,65.4,425.9,481.9,483.6,483.8,483.9,0.5
2023-12-08 13:14:57,60.5,65.0,64.5,65.2,425.1,481.0,482.7,482.9,483.0,0.5
2023-12-08 13:14:58,60.3,64.8,64.4,65.1,423.9,479.7,481.3,481.6,481.7,0.5
2023-12-08 13:14:59,60.1,64.6,64.2,64.8,422.6,478.2,479.8,480.0,480.2,0.5
2023-12-08 13:15:00,60.0,64.5,64.0,64.7,421.5,477.0,478.6,478.9,479.0,0.5
2023-12-08 13:15:01,59.8,64.3,63.8,64.6,420.4,475.8,477.4,477.7,477.8,0.5
2023-12-08 13:15:02,59.7,64.2,63.8,64.5,419.7,475.0,476.6,476.9,477.0,0.5
2023-12-08 13:15:03,59.7,64.2,63.7,64.4,419.2,474.4,476.0,476.3,476.4,0.5
2023-12-08 13:15:05,59.8,64.3,63.9,64.6,420.1,475.5,477.1,477.4,477.5,0.5
2023-12-08 13:15:06,59.9,64.5,64.0,64.7,420.6,476.1,477.8,478.1,478.2,0.5
2023-12-08 13:15:07,59.9,64.5,64.0,64.8,420.7,476.2,477.9,478.1,478.3,0.5
2023-12-08 13:15:08,59.9,64.5,63.9,64.7,420.4,475.9,477.6,477.9,478.0,0.5
2023-12-08 13:15:09,59.8,64.4,63.9,64.7,420.2,475.7,477.3,477.6,477.7,0.5
2023-12-08 13:15:10,59.7,64.3,63.8,64.6,419.3,474.7,476.4,476.6,476.8,0.5
2023-12-08 13:15:11,59.3,63.9,63.3,64.1,416.4,471.4,473.1,473.3,473.4,0.5
2023-12-08 13:15:12,59.1,63.7,63.2,63.9,415.3,470.1,471.8,472.0,472.1,0.5
2023-12-08 13:15:13,59.0,63.5,63.0,63.8,414.5,469.2,470.8,471.1,471.2,0.5
2023-12-08 13:15:14,58.9,63.4,62.9,63.7,413.8,468.4,470.0,470.3,470.4,0.5
2023-12-08 13:15:15,58.8,63.3,62.8,63.6,413.2,467.7,469.3,469.6,469.7,0.5
2023-12-08 13:15:16,58.9,63.4,62.9,63.7,413.5,468.1,469.7,470.0,470.1,0.5
2023-12-08 13:15:17,59.1,63.6,63.1,63.9,414.7,469.5,471.2,471.4,471.6,0.5
2023-12-08 13:15:18,59.3,63.9,63.4,64.2,416.2,471.2,472.9,473.2,473.3,0.5
2023-12-08 13:15:19,59.5,64.1,63.6,64.4,417.3,472.6,474.3,474.6,474.7,0.5
2023-12-08 13:15:21,59.5,64.3,63.7,64.6,417.6,473.0,474.8,475.0,475.2,0.5
2023-12-08 13:15:22,59.5,64.4,63.7,64.7,417.6,473.0,474.9,475.2,475.3,0.6
2023-12-08 13:15:23,59.6,64.6,63.9,64.9,418.2,473.9,475.7,476.0,476.2,0.5
2023-12-08 13:15:24,59.8,64.8,64.1,65.2,419.2,475.0,476.9,477.3,477.4,0.6
2023-12-08 13:15:25,59.9,64.9,64.2,65.3,419.7,475.7,477.7,478.0,478.1,0.5
2023-12-08 13:15:26,59.9,65.0,64.2,65.4,419.8,475.8,477.8,478.1,478.2,0.5
2023-12-08 13:15:27,59.9,65.1,64.3,65.4,420.0,476.1,478.0,478.4,478.5,0.5
2023-12-08 13:15:28,59.9,65.0,64.2,65.4,419.5,475.5,477.5,477.9,478.0,0.5
2023-12-08 13:15:29,59.8,65.0,64.2,65.4,419.2,475.2,477.2,477.6,477.7,0.5
2023-12-08 13:15:30,59.8,65.0,64.2,65.4,419.0,475.0,477.0,477.3,477.4,0.5
2023-12-08 13:15:31,59.8,65.0,64.2,65.4,418.8,474.8,476.8,477.2,477.3,0.5
2023-12-08 13:15:32,59.6,64.8,64.0,65.3,417.7,473.6,475.6,476.0,476.1,0.5
2023-12-08 13:15:33,59.4,64.6,63.8,65.0,416.3,472.0,474.0,474.4,474.5,0.5
2023-12-08 13:15:34,59.3,64.5,63.7,64.9,415.8,471.4,473.4,473.8,473.9,0.5
2023-12-08 13:15:35,59.3,64.5,63.7,64.9,415.7,471.3,473.3,473.7,473.8,0.5
2023-12-08 13:15:36,59.2,64.3,63.6,64.7,414.8,470.2,472.2,472.6,472.7,0.5
2023-12-08 13:15:38,59.1,64.2,63.4,64.6,414.0,469.4,471.3,471.7,471.8,0.5
2023-12-08 13:15:39,59.1,64.3,63.5,64.6,414.5,469.8,471.8,472.2,472.3,0.5
2023-12-08 13:15:40,59.2,64.3,63.5,64.7,414.6,470.0,472.0,472.3,472.5,0.5
2023-12-08 13:15:41,59.2,64.4,63.6,64.8,415.0,470.5,472.5,472.8,473.0,0.5
2023-12-08 13:15:42,59.2,64.4,63.6,64.7,415.1,470.5,472.5,472.8,473.0,0.5
2023-12-08 13:15:43,58.9,64.0,63.2,64.3,412.9,468.0,470.0,470.3,470.4,0.5
2023-12-08 13:15:44,58.7,63.8,63.0,64.1,411.6,466.6,468.5,468.8,468.9,0.5
2023-12-08 13:15:45,58.7,63.7,63.0,64.1,411.3,466.3,468.2,468.5,468.6,0.5
2023-12-08 13:15:46,58.7,63.7,62.9,64.0,411.3,466.2,468.1,468.4,468.6,0.5
2023-12-08 13:15:47,58.6,63.6,62.9,63.9,411.0,465.8,467.7,468.0,468.2,0.5
2023-12-08 13:15:48,58.5,63.4,62.7,63.7,409.9,464.5,466.4,466.7,466.9,0.5
2023-12-08 13:15:49,58.4,63.3,62.6,63.6,409.6,464.2,466.0,466.3,466.4,0.5
2023-12-08 13:15:50,58.6,63.4,62.7,63.7,410.7,465.3,467.1,467.4,467.5,0.5
2023-12-08 13:15:51,58.7,63.5,62.9,63.9,411.9,466.6,468.4,468.7,468.9,0.5
2023-12-08 13:15:52,58.9,63.8,63.1,64.1,413.5,468.4,470.2,470.5,470.7,0.5
2023-12-08 13:15:53,59.2,64.0,63.4,64.3,415.3,470.4,472.2,472.5,472.6,0.5
2023-12-08 13:15:55,59.5,64.3,63.7,64.6,417.6,473.0,474.8,475.1,475.2,0.5
2023-12-08 13:15:56,60.0,64.8,64.2,65.1,420.9,476.6,478.4,478.7,478.8,0.5
2023-12-08 13:15:57,60.3,65.1,64.5,65.4,423.4,479.5,481.3,481.5,481.7,0.5
2023-12-08 13:15:58,60.7,65.5,64.9,65.8,426.2,482.6,484.4,484.7,484.8,0.5
2023-12-08 13:15:59,61.7,66.5,65.9,66.8,433.0,490.3,492.1,492.4,492.5,0.5
2023-12-08 13:16:00,62.1,67.0,66.4,67.3,436.2,493.9,495.6,495.9,496.1,0.5
2023-12-08 13:16:01,62.6,67.5,66.9,67.7,439.5,497.6,499.4,499.7,499.8,0.5
2023-12-08 13:16:02,63.1,68.0,67.4,68.3,443.3,501.9,503.6,503.9,504.1,0.5
2023-12-08 13:16:03,63.5,68.4,67.9,68.7,446.0,504.9,506.7,507.0,507.1,0.5
2023-12-08 13:16:04,63.8,68.8,68.2,69.0,448.2,507.4,509.2,509.5,509.6,0.5
2023-12-08 13:16:05,64.1,69.1,68.5,69.4,450.3,509.8,511.6,511.9,512.0,0.5
2023-12-08 13:16:06,64.5,69.5,68.9,69.8,453.1,513.0,514.8,515.1,515.2,0.5
2023-12-08 13:16:07,64.9,69.9,69.3,70.2,455.9,516.1,517.9,518.2,518.4,0.5
2023-12-08 13:16:08,65.3,70.3,69.8,70.6,458.6,519.1,521.0,521.3,521.4,0.5
2023-12-08 13:16:09,65.7,70.7,70.1,71.0,461.1,522.0,523.8,524.1,524.2,0.5
2023-12-08 13:16:11,66.1,71.2,70.6,71.4,463.9,525.1,527.0,527.3,527.4,0.5
2023-12-08 13:16:12,66.4,71.5,70.9,71.8,466.2,527.8,529.7,530.0,530.1,0.5
2023-12-08 13:16:13,66.8,71.9,71.3,72.2,468.9,530.8,532.7,533.0,533.1,0.5
2023-12-08 13:16:14,67.0,72.2,71.6,72.5,470.7,532.8,534.7,535.0,535.2,0.5
2023-12-08 13:16:15,67.6,72.8,72.2,73.1,474.7,537.3,539.2,539.5,539.7,0.5
2023-12-08 13:16:16,67.8,73.1,72.5,73.4,476.5,539.4,541.3,541.6,541.8,0.5
2023-12-08 13:16:17,68.1,73.3,72.7,73.6,478.1,541.2,543.1,543.4,543.5,0.5
2023-12-08 13:16:18,68.3,73.5,73.0,73.8,479.7,543.0,544.9,545.2,545.4,0.5
2023-12-08 13:16:19,68.5,73.8,73.2,74.1,481.1,544.6,546.5,546.8,547.0,0.5
2023-12-08 13:16:20,68.7,74.0,73.4,74.3,482.7,546.4,548.3,548.6,548.8,0.5
2023-12-08 13:16:21,69.0,74.3,73.7,74.6,484.8,548.8,550.7,551.0,551.2,0.5
2023-12-08 13:16:22,69.3,74.6,74.0,74.8,486.6,550.8,552.7,553.0,553.2,0.5
2023-12-08 13:16:23,69.4,74.6,74.1,74.9,487.4,551.7,553.6,553.9,554.0,0.5
2023-12-08 13:16:24,69.3,74.5,74.0,74.8,486.6,550.7,552.6,552.9,553.1,0.5
2023-12-08 13:16:25,69.1,74.4,73.8,74.7,485.3,549.3,551.2,551.5,551.7,0.5
2023-12-08 13:16:27,68.9,74.2,73.6,74.5,484.1,547.9,549.8,550.1,550.3,0.5
2023-12-08 13:16:28,68.8,74.1,73.5,74.4,483.2,546.9,548.9,549.2,549.3,0.5
2023-12-08 13:16:29,68.6,73.9,73.3,74.2,482.1,545.7,547.6,547.9,548.1,0.5
2023-12-08 13:16:30,68.4,73.7,73.1,74.0,480.6,544.1,546.1,546.4,546.5,0.5
2023-12-08 13:16:31,68.1,73.4,72.8,73.7,478.4,541.6,543.6,543.9,544.0,0.5
2023-12-08 13:16:32,66.7,71.8,71.2,72.1,468.1,529.9,531.8,532.1,532.3,0.5
2023-12-08 13:16:33,62.8,67.7,67.1,68.0,441.2,499.4,501.2,501.5,501.6,0.5
2023-12-08 13:16:34,56.2,60.6,60.1,60.8,394.7,446.8,448.4,448.7,448.8,0.5
2023-12-08 13:16:35,43.8,47.2,46.8,47.4,307.8,348.5,349.7,349.9,350.0,0.5
2023-12-08 13:16:36,31.6,34.0,33.8,34.2,221.8,251.1,252.0,252.2,252.2,0.5
2023-12-08 13:16:37,21.9,23.6,23.4,23.7,154.0,174.4,175.0,175.1,175.1,0.5
2023-12-08 13:16:38,18.0,19.3,19.2,19.4,126.1,142.7,143.2,143.3,143.4,0.5
2023-12-08 13:16:39,15.2,16.4,16.3,16.5,106.9,121.0,121.5,121.5,121.6,0.5
2023-12-08 13:16:40,13.1,14.1,14.0,14.1,91.9,104.0,104.4,104.4,104.5,0.5
2023-12-08 13:16:41,11.7,12.6,12.5,12.6,82.1,93.0,93.3,93.3,93.4,0.5
2023-12-08 13:16:43,10.8,11.7,11.6,11.7,76.2,86.2,86.5,86.6,86.6,0.5
2023-12-08 13:16:44,10.2,11.0,10.9,11.1,71.9,81.4,81.6,81.7,81.7,0.5
2023-12-08 13:16:45,10.0,10.8,10.7,10.8,70.2,79.5,79.8,79.8,79.8,0.5
2023-12-08 13:16:46,9.6,10.3,10.3,10.4,67.5,76.4,76.7,76.7,76.7,0.5
2023-12-08 13:16:47,9.5,10.2,10.1,10.2,66.5,75.3,75.5,75.6,75.6,0.5
2023-12-08 13:16:48,9.2,9.9,9.8,9.9,64.4,72.9,73.2,73.2,73.2,0.5
2023-12-08 13:16:49,8.9,9.6,9.5,9.6,62.9,71.1,71.4,71.4,71.4,0.5
2023-12-08 13:16:50,8.7,9.4,9.3,9.4,61.3,69.4,69.6,69.6,69.7,0.5
2023-12-08 13:16:51,8.5,9.1,9.1,9.2,59.8,67.7,67.9,67.9,67.9,0.5
2023-12-08 13:16:52,8.4,9.0,8.9,9.0,59.0,66.7,66.9,67.0,67.0,0.5
2023-12-08 13:16:53,8.3,8.9,8.8,8.9,58.1,65.7,65.9,66.0,66.0,0.5
2023-12-08 13:16:54,8.1,8.7,8.6,8.7,56.8,64.3,64.5,64.5,64.5,0.5
2023-12-08 13:16:55,7.9,8.4,8.4,8.5,55.3,62.5,62.7,62.8,62.8,0.5
2023-12-08 13:16:56,7.6,8.1,8.1,8.2,53.3,60.3,60.5,60.5,60.5,0.5
2023-12-08 13:16:58,7.4,7.9,7.8,7.9,51.7,58.5,58.6,58.7,58.7,0.5
2023-12-08 13:16:59,7.1,7.6,7.6,7.7,50.0,56.5,56.7,56.7,56.8,0.5
2023-12-08 13:17:00,6.8,7.3,7.3,7.4,48.1,54.4,54.6,54.6,54.6,0.5
2023-12-08 13:17:01,6.3,6.8,6.8,6.8,44.6,50.4,50.6,50.6,50.6,0.5
2023-12-08 13:17:02,6.1,6.6,6.5,6.6,43.2,48.9,49.0,49.0,49.0,0.5
2023-12-08 13:17:03,6.0,6.4,6.3,6.4,41.9,47.4,47.5,47.6,47.6,0.5
2023-12-08 13:17:04,5.8,6.2,6.1,6.2,40.5,45.9,46.0,46.0,46.0,0.5
2023-12-08 13:17:05,5.6,6.0,5.9,6.0,39.3,44.4,44.5,44.6,44.6,0.5
2023-12-08 13:17:06,5.4,5.8,5.8,5.8,38.1,43.1,43.2,43.2,43.2,0.5
2023-12-08 13:17:07,5.3,5.7,5.6,5.7,37.2,42.1,42.2,42.3,42.3,0.5
2023-12-08 13:17:08,5.2,5.5,5.5,5.5,36.3,41.1,41.2,41.2,41.2,0.5
2023-12-08 13:17:09,5.1,5.4,5.4,5.4,35.6,40.3,40.4,40.4,40.4,0.5
2023-12-08 13:17:10,5.0,5.3,5.3,5.3,34.9,39.5,39.6,39.6,39.6,0.5
2023-12-08 13:17:11,4.9,5.2,5.2,5.2,34.2,38.7,38.8,38.8,38.8,0.5
2023-12-08 13:17:12,4.7,5.1,5.1,5.1,33.4,37.8,37.9,37.9,37.9,0.5
2023-12-08 13:17:14,4.7,5.0,5.0,5.0,32.8,37.0,37.1,37.2,37.2,0.5
2023-12-08 13:17:15,4.6,4.9,4.9,4.9,32.3,36.5,36.7,36.7,36.7,0.5
2023-12-08 13:17:16,4.5,4.8,4.8,4.8,31.8,35.9,36.0,36.1,36.1,0.5
2023-12-08 13:17:17,4.5,4.8,4.8,4.8,31.8,35.9,36.0,36.1,36.1,0.5
2023-12-08 13:17:18,4.5,4.8,4.8,4.8,31.8,36.0,36.1,36.1,36.1,0.5
2023-12-08 13:17:19,4.5,4.8,4.8,4.8,31.7,35.8,35.9,36.0,36.0,0.5
2023-12-08 13:17:20,4.5,4.8,4.7,4.8,31.4,35.5,35.6,35.6,35.6,0.5
2023-12-08 13:17:21,4.4,4.7,4.7,4.7,31.0,35.1,35.2,35.2,35.2,0.5
2023-12-08 13:17:22,4.4,4.7,4.6,4.7,30.8,34.8,34.9,34.9,34.9,0.5
2023-12-08 13:17:23,4.3,4.6,4.6,4.6,30.4,34.4,34.5,34.5,34.5,0.5
2023-12-08 13:17:24,4.3,4.6,4.5,4.6,30.0,33.9,34.0,34.1,34.1,0.5
2023-12-08 13:17:25,4.2,4.5,4.5,4.5,29.6,33.5,33.6,33.6,33.6,0.5
2023-12-08 13:17:26,4.1,4.4,4.4,4.4,29.2,33.0,33.1,33.1,33.1,0.5
2023-12-08 13:17:27,4.1,4.4,4.4,4.4,28.9,32.7,32.8,32.8,32.8,0.5
2023-12-08 13:17:28,4.1,4.3,4.3,4.4,28.7,32.4,32.5,32.5,32.5,0.5
2023-12-08 13:17:30,4.0,4.3,4.3,4.3,28.4,32.1,32.2,32.2,32.2,0.5
2023-12-08 13:17:31,4.0,4.2,4.2,4.2,27.9,31.6,31.7,31.7,31.7,0.5
2023-12-08 13:17:32,4.0,4.3,4.3,4.3,28.1,31.8,31.9,31.9,31.9,0.5
2023-12-08 13:17:33,4.0,4.3,4.3,4.3,28.2,31.9,32.0,32.0,32.0,0.5
2023-12-08 13:17:34,4.0,4.3,4.3,4.3,28.3,32.0,32.1,32.1,32.1,0.5
2023-12-08 13:17:35,4.0,4.3,4.3,4.3,28.2,31.9,31.9,32.0,32.0,0.5
2023-12-08 13:17:36,4.0,4.3,4.2,4.3,28.1,31.7,31.8,31.8,31.8,0.5
2023-12-08 13:17:37,4.0,4.3,4.2,4.3,28.1,31.7,31.8,31.8,31.8,0.5
2023-12-08 13:17:38,4.0,4.3,4.3,4.3,28.2,31.9,32.0,32.0,32.0,0.5
2023-12-08 13:17:39,4.0,4.3,4.3,4.3,28.2,31.9,32.0,32.0,32.0,0.5
2023-12-08 13:17:40,4.0,4.2,4.2,4.3,28.0,31.7,31.8,31.8,31.8,0.5
2023-12-08 13:17:41,4.0,4.2,4.2,4.3,28.0,31.7,31.8,31.8,31.8,0.5
2023-12-08 13:17:42,4.0,4.2,4.2,4.2,27.9,31.5,31.6,31.6,31.7,0.5
2023-12-08 13:17:43,3.9,4.2,4.2,4.2,27.6,31.2,31.3,31.3,31.3,0.5
2023-12-08 13:17:44,3.9,4.1,4.1,4.1,27.2,30.8,30.9,30.9,30.9,0.5
2023-12-08 13:17:45,3.8,4.1,4.0,4.1,26.8,30.3,30.4,30.4,30.4,0.5
2023-12-08 13:17:47,3.7,3.9,3.9,3.9,25.8,29.2,29.3,29.3,29.3,0.5
2023-12-08 13:17:48,3.6,3.8,3.8,3.8,25.3,28.6,28.7,28.7,28.7,0.5
2023-12-08 13:17:49,3.5,3.8,3.8,3.8,24.9,28.2,28.3,28.3,28.3,0.5
2023-12-08 13:17:50,3.5,3.8,3.7,3.8,24.8,28.0,28.1,28.1,28.1,0.5
2023-12-08 13:17:51,3.5,3.8,3.7,3.8,24.8,28.0,28.1,28.1,28.1,0.5
2023-12-08 13:17:52,3.5,3.8,3.8,3.8,25.0,28.2,28.3,28.3,28.3,0.5
2023-12-08 13:17:53,3.6,3.8,3.8,3.8,25.2,28.4,28.5,28.5,28.5,0.5
2023-12-08 13:17:54,3.6,3.9,3.8,3.9,25.5,28.8,28.9,28.9,28.9,0.5
2023-12-08 13:17:55,3.7,3.9,3.9,3.9,25.9,29.3,29.4,29.4,29.4,0.5
2023-12-08 13:17:56,3.7,4.0,3.9,4.0,26.2,29.6,29.7,29.7,29.7,0.5
2023-12-08 13:17:57,3.7,4.0,4.0,4.0,26.3,29.7,29.8,29.8,29.8,0.5
2023-12-08 13:17:58,3.7,4.0,4.0,4.0,26.2,29.7,29.7,29.8,29.8,0.5
2023-12-08 13:17:59,3.7,4.0,4.0,4.0,26.2,29.6,29.7,29.7,29.7,0.5
2023-12-08 13:18:00,3.7,4.0,3.9,4.0,26.1,29.5,29.6,29.6,29.6,0.5
2023-12-08 13:18:02,3.7,4.0,4.0,4.0,26.2,29.6,29.7,29.7,29.7,0.5
2023-12-08 13:18:03,3.7,4.0,4.0,4.0,26.3,29.7,29.8,29.8,29.8,0.5
2023-12-08 13:18:04,3.8,4.0,4.0,4.0,26.5,29.9,30.0,30.0,30.0,0.5
2023-12-08 13:18:05,3.8,4.0,4.0,4.0,26.7,30.2,30.2,30.2,30.3,0.5
2023-12-08 13:18:06,3.8,4.1,4.1,4.1,26.9,30.4,30.4,30.5,30.5,0.5
2023-12-08 13:18:07,3.8,4.1,4.1,4.1,26.9,30.4,30.5,30.5,30.5,0.5
2023-12-08 13:18:08,3.8,4.1,4.1,4.1,26.9,30.4,30.5,30.5,30.5,0.5
2023-12-08 13:18:09,3.8,4.0,4.0,4.0,26.7,30.2,30.2,30.3,30.3,0.5
2023-12-08 13:18:10,3.8,4.0,4.0,4.0,26.6,30.1,30.2,30.2,30.2,0.5
2023-12-08 13:18:11,3.8,4.0,4.0,4.0,26.6,30.0,30.1,30.1,30.1,0.5
2023-12-08 13:18:12,3.8,4.0,4.0,4.0,26.5,29.9,30.0,30.0,30.0,0.5
2023-12-08 13:18:13,3.8,4.0,4.0,4.0,26.4,29.9,29.9,29.9,30.0,0.5
2023-12-08 13:18:14,3.8,4.0,4.0,4.0,26.4,29.9,29.9,30.0,30.0,0.5
2023-12-08 13:18:15,3.7,4.0,4.0,4.0,26.3,29.7,29.8,29.8,29.8,0.5
2023-12-08 13:18:16,3.7,3.9,3.9,3.9,26.0,29.3,29.4,29.4,29.4,0.5
2023-12-08 13:18:18,3.7,3.9,3.9,3.9,25.7,29.1,29.2,29.2,29.2,0.5
2023-12-08 13:18:19,3.6,3.8,3.8,3.9,25.5,28.8,28.9,28.9,28.9,0.5
2023-12-08 13:18:20,3.6,3.8,3.8,3.9,25.5,28.8,28.9,28.9,28.9,0.5
2023-12-08 13:18:21,3.6,3.9,3.9,3.9,25.7,29.0,29.1,29.1,29.1,0.5
2023-12-08 13:18:22,3.7,3.9,3.9,3.9,25.8,29.2,29.3,29.3,29.3,0.5
2023-12-08 13:18:23,3.7,3.9,3.9,3.9,26.1,29.5,29.5,29.5,29.5,0.5
2023-12-08 13:18:24,3.7,4.0,3.9,4.0,26.2,29.6,29.7,29.7,29.7,0.5
2023-12-08 13:18:25,3.7,4.0,4.0,4.0,26.3,29.7,29.8,29.8,29.8,0.5
2023-12-08 13:18:26,3.7,4.0,4.0,4.0,26.4,29.8,29.9,29.9,29.9,0.5
2023-12-08 13:18:27,3.8,4.0,4.0,4.0,26.5,30.0,30.1,30.1,30.1,0.5
2023-12-08 13:18:28,3.8,4.0,4.0,4.0,26.8,30.3,30.4,30.4,30.4,0.5
2023-12-08 13:18:29,3.9,4.1,4.1,4.1,27.2,30.7,30.8,30.8,30.8,0.5
2023-12-08 13:18:30,3.9,4.1,4.1,4.1,27.4,31.0,31.0,31.1,31.1,0.5
2023-12-08 13:18:31,3.9,4.2,4.2,4.2,27.7,31.3,31.4,31.4,31.4,0.5
2023-12-08 13:18:32,3.9,4.2,4.2,4.2,27.7,31.3,31.4,31.4,31.4,0.5
2023-12-08 13:18:34,3.9,4.2,4.2,4.2,27.6,31.2,31.3,31.3,31.3,0.5
2023-12-08 13:18:35,3.9,4.2,4.2,4.2,27.7,31.3,31.4,31.4,31.4,0.5
2023-12-08 13:18:36,3.9,4.2,4.1,4.2,27.5,31.1,31.2,31.2,31.2,0.5
2023-12-08 13:18:37,3.9,4.1,4.1,4.1,27.4,31.0,31.1,31.1,31.1,0.5
2023-12-08 13:18:38,3.9,4.2,4.1,4.2,27.5,31.1,31.2,31.2,31.2,0.5
2023-12-08 13:18:39,3.9,4.1,4.1,4.1,27.5,31.0,31.1,31.1,31.1,0.5
2023-12-08 13:18:40,3.9,4.2,4.2,4.2,27.6,31.2,31.2,31.3,31.3,0.5
2023-12-08 13:18:41,3.9,4.2,4.2,4.2,27.8,31.4,31.5,31.5,31.5,0.5
2023-12-08 13:18:42,4.0,4.2,4.2,4.2,27.8,31.4,31.5,31.5,31.5,0.5
2023-12-08 13:18:43,3.9,4.2,4.2,4.2,27.8,31.4,31.5,31.5,31.5,0.5
2023-12-08 13:18:44,3.9,4.2,4.2,4.2,27.7,31.3,31.3,31.3,31.4,0.5
2023-12-08 13:18:45,3.9,4.2,4.1,4.2,27.5,31.1,31.2,31.2,31.2,0.5
2023-12-08 13:18:46,3.9,4.2,4.2,4.2,27.6,31.2,31.2,31.3,31.3,0.5
2023-12-08 13:18:47,4.0,4.2,4.2,4.2,27.9,31.5,31.6,31.6,31.6,0.5
2023-12-08 13:18:49,4.0,4.2,4.2,4.2,28.1,31.7,31.8,31.8,31.8,0.5
2023-12-08 13:18:50,4.0,4.2,4.2,4.2,28.0,31.7,31.7,31.8,31.8,0.5
2023-12-08 13:18:51,4.0,4.2,4.2,4.2,28.0,31.7,31.7,31.7,31.8,0.5
2023-12-08 13:18:52,4.0,4.2,4.2,4.2,27.9,31.6,31.7,31.7,31.7,0.5
2023-12-08 13:18:53,4.0,4.2,4.2,4.3,28.1,31.8,31.9,31.9,31.9,0.5
2023-12-08 13:18:54,4.1,4.3,4.3,4.3,28.5,32.2,32.3,32.3,32.3,0.5
2023-12-08 13:18:55,4.1,4.4,4.4,4.4,29.1,32.8,32.9,32.9,32.9,0.5
2023-12-08 13:18:56,4.2,4.5,4.5,4.5,29.7,33.5,33.6,33.6,33.6,0.5
2023-12-08 13:18:57,4.3,4.6,4.5,4.6,30.2,34.1,34.2,34.2,34.2,0.5
2023-12-08 13:18:58,4.3,4.6,4.6,4.6,30.5,34.5,34.6,34.6,34.6,0.5
2023-12-08 13:18:59,4.4,4.7,4.7,4.7,30.9,35.0,35.0,35.1,35.1,0.5
2023-12-08 13:19:00,4.5,4.7,4.7,4.7,31.4,35.5,35.6,35.6,35.6,0.5
2023-12-08 13:19:01,4.6,4.9,4.9,4.9,32.4,36.6,36.6,36.7,36.7,0.5
2023-12-08 13:19:02,4.7,5.0,5.0,5.0,32.9,37.2,37.3,37.3,37.3,0.5
2023-12-08 13:19:03,4.8,5.1,5.0,5.1,33.5,37.9,38.0,38.0,38.0,0.5
2023-12-08 13:19:05,4.8,5.1,5.1,5.1,33.8,38.2,38.3,38.3,38.3,0.5
2023-12-08 13:19:06,4.8,5.1,5.1,5.1,33.8,38.2,38.3,38.3,38.3,0.5
2023-12-08 13:19:07,4.8,5.1,5.1,5.1,33.7,38.1,38.2,38.2,38.2,0.5
2023-12-08 13:19:08,4.7,5.0,5.0,5.1,33.4,37.8,37.9,37.9,37.9,0.5
2023-12-08 13:19:09,4.7,5.0,5.0,5.0,33.3,37.6,37.7,37.8,37.8,0.5
2023-12-08 13:19:10,4.8,5.1,5.0,5.1,33.5,37.9,38.0,38.0,38.0,0.5
2023-12-08 13:19:11,4.8,5.1,5.1,5.1,33.7,38.1,38.2,38.2,38.2,0.5
2023-12-08 13:19:12,4.8,5.1,5.1,5.1,33.7,38.1,38.2,38.2,38.2,0.5
2023-12-08 13:19:13,4.8,5.1,5.1,5.1,33.8,38.2,38.3,38.3,38.3,0.5
2023-12-08 13:19:14,4.8,5.1,5.1,5.1,33.9,38.3,38.4,38.4,38.4,0.5
2023-12-08 13:19:15,4.8,5.1,5.1,5.1,34.1,38.6,38.6,38.7,38.7,0.5
2023-12-08 13:19:16,4.9,5.1,5.1,5.1,34.2,38.6,38.7,38.7,38.7,0.5
2023-12-08 13:19:17,4.8,5.1,5.1,5.1,34.1,38.5,38.6,38.6,38.6,0.5
2023-12-08 13:19:18,4.8,5.1,5.1,5.1,34.1,38.5,38.6,38.6,38.6,0.5
2023-12-08 13:19:20,4.9,5.2,5.1,5.2,34.3,38.7,38.8,38.8,38.8,0.5
2023-12-08 13:19:21,4.9,5.2,5.2,5.2,34.6,39.0,39.1,39.1,39.1,0.5
2023-12-08 13:19:22,4.9,5.2,5.2,5.2,34.8,39.3,39.4,39.4,39.4,0.5
2023-12-08 13:19:23,5.0,5.3,5.3,5.3,35.1,39.6,39.7,39.7,39.7,0.5
2023-12-08 13:19:24,5.0,5.3,5.3,5.3,35.3,39.8,39.9,40.0,40.0,0.5
2023-12-08 13:19:25,5.0,5.3,5.3,5.3,35.5,40.0,40.1,40.2,40.2,0.5
2023-12-08 13:19:26,5.0,5.3,5.3,5.3,35.4,40.0,40.1,40.1,40.1,0.5
2023-12-08 13:19:27,5.0,5.3,5.3,5.3,35.3,39.8,39.9,40.0,40.0,0.5
2023-12-08 13:19:28,5.0,5.3,5.3,5.3,35.1,39.7,39.8,39.8,39.8,0.5
2023-12-08 13:19:29,5.0,5.3,5.3,5.3,35.2,39.8,39.9,39.9,39.9,0.5
2023-12-08 13:19:30,5.0,5.3,5.3,5.3,35.4,40.0,40.1,40.1,40.1,0.5
2023-12-08 13:19:31,5.1,5.4,5.4,5.4,35.7,40.3,40.4,40.4,40.4,0.5
2023-12-08 13:19:32,5.1,5.4,5.4,5.4,35.6,40.2,40.3,40.3,40.3,0.5
2023-12-08 13:19:33,5.1,5.4,5.4,5.4,35.7,40.3,40.4,40.5,40.5,0.5
2023-12-08 13:19:35,5.1,5.4,5.4,5.4,35.8,40.4,40.5,40.5,40.5,0.5
2023-12-08 13:19:36,5.1,5.4,5.4,5.4,35.6,40.2,40.3,40.3,40.3,0.5
2023-12-08 13:19:37,5.0,5.3,5.3,5.3,35.2,39.8,39.9,39.9,39.9,0.5
2023-12-08 13:19:38,4.9,5.2,5.2,5.2,34.6,39.0,39.1,39.2,39.2,0.5
2023-12-08 13:19:39,4.8,5.1,5.1,5.1,33.7,38.0,38.1,38.2,38.2,0.5
2023-12-08 13:19:40,4.6,4.9,4.9,4.9,32.7,36.9,37.0,37.0,37.0,0.5
2023-12-08 13:19:41,4.5,4.8,4.8,4.8,31.6,35.7,35.8,35.8,35.8,0.5
2023-12-08 13:19:42,4.3,4.6,4.6,4.6,30.4,34.3,34.4,34.4,34.4,0.5
2023-12-08 13:19:43,4.2,4.4,4.4,4.4,29.3,33.1,33.1,33.2,33.2,0.5
2023-12-08 13:19:44,4.0,4.2,4.2,4.2,28.1,31.7,31.8,31.8,31.8,0.5
2023-12-08 13:19:45,3.6,3.8,3.8,3.8,25.4,28.7,28.8,28.8,28.8,0.5
2023-12-08 13:19:46,3.4,3.7,3.6,3.7,24.2,27.3,27.4,27.4,27.4,0.5
2023-12-08 13:19:47,3.3,3.5,3.5,3.5,23.0,26.0,26.0,26.0,26.0,0.5
2023-12-08 13:19:48,3.1,3.3,3.3,3.3,21.8,24.7,24.7,24.7,24.7,0.5
2023-12-08 13:19:49,3.0,3.2,3.1,3.2,20.8,23.6,23.6,23.6,23.6,0.5
2023-12-08 13:19:51,2.8,3.0,3.0,3.0,19.9,22.5,22.5,22.5,22.6,0.5
2023-12-08 13:19:52,2.7,2.9,2.9,2.9,19.0,21.4,21.5,21.5,21.5,0.5
2023-12-08 13:19:53,2.6,2.7,2.7,2.8,18.1,20.5,20.6,20.6,20.6,0.5
2023-12-08 13:19:54,2.5,2.6,2.6,2.6,17.5,19.7,19.8,19.8,19.8,0.5
2023-12-08 13:19:55,2.4,2.5,2.5,2.5,16.8,19.0,19.0,19.0,19.0,0.5
2023-12-08 13:19:56,2.3,2.4,2.4,2.4,16.1,18.1,18.2,18.2,18.2,0.5
2023-12-08 13:19:57,2.2,2.3,2.3,2.3,15.3,17.3,17.3,17.4,17.4,0.5
2023-12-08 13:19:58,2.1,2.2,2.2,2.2,14.6,16.5,16.6,16.6,16.6,0.5
2023-12-08 13:19:59,2.0,2.1,2.1,2.1,13.9,15.7,15.7,15.7,15.7,0.5
2023-12-08 13:20:00,1.8,1.9,1.9,1.9,12.6,14.2,14.3,14.3,14.3,0.5
2023-12-08 13:20:01,1.7,1.8,1.8,1.8,12.0,13.6,13.6,13.6,13.6,0.5
2023-12-08 13:20:02,1.6,1.7,1.7,1.7,11.4,12.9,13.0,13.0,13.0,0.5
2023-12-08 13:20:03,1.6,1.7,1.7,1.7,11.0,12.4,12.4,12.4,12.4,0.5
2023-12-08 13:20:04,1.5,1.6,1.6,1.6,10.5,11.8,11.9,11.9,11.9,0.5
2023-12-08 13:20:06,1.4,1.5,1.5,1.5,10.0,11.3,11.3,11.3,11.3,0.5
2023-12-08 13:20:07,1.4,1.4,1.4,1.4,9.5,10.8,10.8,10.8,10.8,0.5
2023-12-08 13:20:08,1.3,1.4,1.4,1.4,9.1,10.2,10.3,10.3,10.3,0.5
2023-12-08 13:20:09,1.2,1.3,1.3,1.3,8.6,9.7,9.7,9.7,9.7,0.5
2023-12-08 13:20:10,1.2,1.2,1.2,1.2,8.1,9.2,9.2,9.2,9.2,0.5
2023-12-08 13:20:11,1.1,1.2,1.2,1.2,7.7,8.7,8.7,8.7,8.7,0.5
2023-12-08 13:20:12,1.1,1.1,1.1,1.1,7.5,8.5,8.5,8.5,8.5,0.5
2023-12-08 13:20:13,1.1,1.1,1.1,1.1,7.4,8.4,8.4,8.4,8.4,0.5
2023-12-08 13:20:14,1.0,1.1,1.1,1.1,7.3,8.2,8.3,8.3,8.3,0.5
2023-12-08 13:20:15,1.0,1.1,1.1,1.1,7.2,8.1,8.1,8.1,8.2,0.5
2023-12-08 13:20:16,1.0,1.1,1.1,1.1,7.2,8.1,8.2,8.2,8.2,0.5
2023-12-08 13:20:17,1.0,1.1,1.1,1.1,7.2,8.1,8.1,8.1,8.2,0.5
2023-12-08 13:20:18,1.0,1.1,1.1,1.1,7.2,8.1,8.1,8.1,8.1,0.5
2023-12-08 13:20:19,1.0,1.1,1.1,1.1,7.2,8.1,8.1,8.1,8.1,0.5
2023-12-08 13:20:21,1.0,1.1,1.1,1.1,7.1,8.0,8.1,8.1,8.1,0.5
2023-12-08 13:20:22,1.0,1.1,1.1,1.1,7.0,8.0,8.0,8.0,8.0,0.5
2023-12-08 13:20:23,1.0,1.0,1.0,1.1,6.9,7.8,7.8,7.8,7.8,0.5
2023-12-08 13:20:24,1.0,1.0,1.0,1.0,6.9,7.7,7.8,7.8,7.8,0.5
2023-12-08 13:20:25,1.0,1.1,1.0,1.1,6.9,7.8,7.9,7.9,7.9,0.5
2023-12-08 13:20:26,1.0,1.1,1.0,1.1,6.9,7.9,7.9,7.9,7.9,0.5
2023-12-08 13:20:27,1.0,1.1,1.1,1.1,7.0,7.9,7.9,7.9,7.9,0.5
2023-12-08 13:20:28,1.0,1.1,1.1,1.1,7.0,7.9,7.9,7.9,7.9,0.5
2023-12-08 13:20:29,1.0,1.1,1.0,1.1,6.9,7.8,7.9,7.9,7.9,0.5
2023-12-08 13:20:30,1.0,1.0,1.0,1.0,6.7,7.6,7.6,7.6,7.6,0.5
2023-12-08 13:20:31,0.9,1.0,1.0,1.0,6.6,7.5,7.5,7.5,7.5,0.5
2023-12-08 13:20:32,0.9,1.0,1.0,1.0,6.5,7.4,7.4,7.4,7.4,0.5
2023-12-08 13:20:33,0.9,1.0,1.0,1.0,6.4,7.2,7.2,7.2,7.2,0.5
2023-12-08 13:20:34,0.9,0.9,0.9,0.9,6.2,7.1,7.1,7.1,7.1,0.5
2023-12-08 13:20:35,0.9,0.9,0.9,0.9,6.1,6.9,7.0,7.0,7.0,0.5
2023-12-08 13:20:37,0.9,0.9,0.9,0.9,6.1,6.9,6.9,6.9,6.9,0.5
2023-12-08 13:20:38,0.9,0.9,0.9,0.9,6.0,6.8,6.8,6.8,6.8,0.5
2023-12-08 13:20:39,0.8,0.9,0.9,0.9,5.9,6.7,6.7,6.7,6.7,0.5
2023-12-08 13:20:40,0.8,0.9,0.9,0.9,5.8,6.5,6.5,6.5,6.6,0.5
2023-12-08 13:20:41,0.8,0.9,0.9,0.9,5.7,6.5,6.5,6.5,6.5,0.5
2023-12-08 13:20:42,0.8,0.9,0.8,0.9,5.6,6.3,6.4,6.4,6.4,0.5
2023-12-08 13:20:43,0.8,0.8,0.8,0.8,5.5,6.2,6.2,6.2,6.2,0.5
2023-12-08 13:20:44,0.8,0.8,0.8,0.8,5.3,6.0,6.1,6.1,6.1,0.5
2023-12-08 13:20:45,0.8,0.8,0.8,0.8,5.3,6.0,6.0,6.0,6.0,0.5
2023-12-08 13:20:46,0.7,0.8,0.8,0.8,5.2,5.9,5.9,5.9,5.9,0.5
2023-12-08 13:20:47,0.7,0.8,0.8,0.8,5.2,5.8,5.8,5.8,5.8,0.5
2023-12-08 13:20:48,0.7,0.8,0.8,0.8,5.2,5.8,5.8,5.8,5.8,0.5
2023-12-08 13:20:49,0.7,0.8,0.8,0.8,5.1,5.8,5.8,5.8,5.8,0.5
2023-12-08 13:20:51,0.7,0.8,0.8,0.8,5.1,5.8,5.8,5.8,5.8,0.5
2023-12-08 13:20:52,0.7,0.8,0.8,0.8,5.1,5.7,5.7,5.8,5.8,0.5
2023-12-08 13:20:53,0.7,0.8,0.8,0.8,5.0,5.7,5.7,5.7,5.7,0.5
2023-12-08 13:20:54,0.7,0.8,0.8,0.8,5.0,5.7,5.7,5.7,5.7,0.5
2023-12-08 13:20:55,0.7,0.8,0.7,0.8,4.9,5.6,5.6,5.6,5.6,0.5
2023-12-08 13:20:56,0.7,0.7,0.7,0.7,4.9,5.5,5.6,5.6,5.6,0.5
2023-12-08 13:20:57,0.7,0.7,0.7,0.7,4.8,5.4,5.4,5.5,5.5,0.5
2023-12-08 13:20:58,0.7,0.7,0.7,0.7,4.6,5.3,5.3,5.3,5.3,0.5
2023-12-08 13:20:59,0.6,0.7,0.7,0.7,4.6,5.2,5.2,5.2,5.2,0.5
2023-12-08 13:21:00,0.6,0.7,0.7,0.7,4.5,5.0,5.1,5.1,5.1,0.5
2023-12-08 13:21:01,0.6,0.7,0.7,0.7,4.4,4.9,5.0,5.0,5.0,0.5
2023-12-08 13:21:02,0.6,0.7,0.7,0.7,4.4,4.9,5.0,5.0,5.0,0.5
2023-12-08 13:21:03,0.6,0.7,0.7,0.7,4.3,4.9,4.9,4.9,4.9,0.5
2023-12-08 13:21:04,0.6,0.7,0.6,0.7,4.3,4.9,4.9,4.9,4.9,0.5
2023-12-08 13:21:06,0.6,0.7,0.6,0.7,4.3,4.8,4.9,4.9,4.9,0.5
2023-12-08 13:21:07,0.6,0.6,0.6,0.6,4.2,4.8,4.8,4.8,4.8,0.5
2023-12-08 13:21:08,0.6,0.6,0.6,0.6,4.2,4.7,4.7,4.7,4.7,0.5
2023-12-08 13:21:09,0.6,0.6,0.6,0.6,4.0,4.6,4.6,4.6,4.6,0.5
2023-12-08 13:21:10,0.6,0.6,0.6,0.6,4.1,4.6,4.6,4.6,4.6,0.5
2023-12-08 13:21:11,0.6,0.6,0.6,0.6,4.1,4.6,4.7,4.7,4.7,0.5
2023-12-08 13:21:12,0.6,0.6,0.6,0.6,4.1,4.7,4.7,4.7,4.7,0.5
2023-12-08 13:21:13,0.6,0.6,0.6,0.6,4.2,4.7,4.7,4.7,4.7,0.5
2023-12-08 13:21:14,0.6,0.6,0.6,0.6,4.2,4.8,4.8,4.8,4.8,0.5
2023-12-08 13:21:15,0.6,0.6,0.6,0.6,4.2,4.8,4.8,4.8,4.8,0.5
2023-12-08 13:21:16,0.6,0.6,0.6,0.6,4.2,4.8,4.8,4.8,4.8,0.5
2023-12-08 13:21:17,0.6,0.6,0.6,0.6,4.2,4.7,4.8,4.8,4.8,0.5
2023-12-08 13:21:18,0.6,0.6,0.6,0.6,4.1,4.7,4.7,4.7,4.7,0.5
2023-12-08 13:21:19,0.6,0.6,0.6,0.6,4.0,4.6,4.6,4.6,4.6,0.5
2023-12-08 13:21:21,0.6,0.6,0.6,0.6,3.9,4.4,4.5,4.5,4.5,0.5
2023-12-08 13:21:22,0.5,0.6,0.6,0.6,3.8,4.3,4.3,4.3,4.3,0.5
2023-12-08 13:21:23,0.5,0.6,0.6,0.6,3.7,4.1,4.1,4.2,4.2,0.5
2023-12-08 13:21:24,0.5,0.5,0.5,0.5,3.5,4.0,4.0,4.0,4.0,0.5
2023-12-08 13:21:25,0.5,0.5,0.5,0.5,3.3,3.8,3.8,3.8,3.8,0.5
2023-12-08 13:21:26,0.5,0.5,0.5,0.5,3.2,3.7,3.7,3.7,3.7,0.5
2023-12-08 13:21:27,0.4,0.5,0.5,0.5,3.1,3.5,3.6,3.6,3.6,0.5
2023-12-08 13:21:28,0.5,0.5,0.5,0.5,3.2,3.7,3.7,3.7,3.7,0.5
2023-12-08 13:21:29,0.5,0.5,0.5,0.5,3.4,3.8,3.8,3.8,3.8,0.5
2023-12-08 13:21:30,0.5,0.5,0.5,0.5,3.6,4.1,4.1,4.1,4.1,0.5
2023-12-08 13:21:31,0.5,0.6,0.6,0.6,3.7,4.2,4.2,4.2,4.2,0.5
2023-12-08 13:21:32,0.6,0.6,0.6,0.6,3.9,4.4,4.5,4.5,4.5,0.5
2023-12-08 13:21:33,0.6,0.6,0.6,0.6,4.2,4.7,4.7,4.7,4.7,0.5
2023-12-08 13:21:34,0.7,0.7,0.7,0.7,4.6,5.2,5.2,5.2,5.2,0.5
2023-12-08 13:21:36,0.7,0.7,0.7,0.7,4.9,5.5,5.5,5.5,5.5,0.5
2023-12-08 13:21:37,0.7,0.8,0.8,0.8,5.2,5.8,5.8,5.9,5.9,0.5
2023-12-08 13:21:38,0.8,0.8,0.8,0.8,5.4,6.1,6.1,6.1,6.1,0.5
2023-12-08 13:21:39,0.8,0.8,0.8,0.8,5.6,6.3,6.3,6.3,6.3,0.5
2023-12-08 13:21:40,0.8,0.9,0.9,0.9,5.8,6.5,6.5,6.5,6.5,0.5
2023-12-08 13:21:41,0.8,0.9,0.9,0.9,5.8,6.6,6.6,6.6,6.6,0.5
2023-12-08 13:21:42,0.8,0.9,0.9,0.9,5.8,6.5,6.5,6.6,6.6,0.5
2023-12-08 13:21:43,0.8,0.9,0.9,0.9,5.7,6.4,6.5,6.5,6.5,0.5
2023-12-08 13:21:44,0.8,0.9,0.9,0.9,5.6,6.4,6.4,6.4,6.4,0.5
2023-12-08 13:21:45,0.8,0.8,0.8,0.8,5.5,6.2,6.3,6.3,6.3,0.5
2023-12-08 13:21:46,0.8,0.8,0.8,0.8,5.5,6.2,6.2,6.2,6.2,0.5
2023-12-08 13:21:47,0.8,0.8,0.8,0.8,5.4,6.1,6.1,6.1,6.1,0.5
2023-12-08 13:21:48,0.7,0.8,0.8,0.8,5.3,6.0,6.0,6.0,6.0,0.5
2023-12-08 13:21:49,0.7,0.8,0.8,0.8,5.2,5.8,5.9,5.9,5.9,0.5
2023-12-08 13:21:51,0.7,0.8,0.8,0.8,5.1,5.8,5.8,5.8,5.8,0.5
2023-12-08 13:21:52,0.7,0.8,0.8,0.8,5.0,5.6,5.6,5.6,5.6,0.5
2023-12-08 13:21:53,0.7,0.7,0.7,0.7,4.8,5.5,5.5,5.5,5.5,0.5
2023-12-08 13:21:54,0.7,0.7,0.7,0.7,4.7,5.3,5.3,5.3,5.3,0.5
2023-12-08 13:21:55,0.7,0.7,0.7,0.7,4.6,5.2,5.2,5.2,5.2,0.5
2023-12-08 13:21:56,0.6,0.7,0.7,0.7,4.5,5.1,5.2,5.2,5.2,0.5
2023-12-08 13:21:57,0.6,0.7,0.7,0.7,4.5,5.1,5.1,5.1,5.1,0.5
2023-12-08 13:21:58,0.6,0.7,0.7,0.7,4.6,5.1,5.2,5.2,5.2,0.5
2023-12-08 13:21:59,0.7,0.7,0.7,0.7,4.6,5.3,5.3,5.3,5.3,0.5
2023-12-08 13:22:00,0.7,0.7,0.7,0.7,4.8,5.4,5.4,5.4,5.4,0.5
2023-12-08 13:22:01,0.7,0.7,0.7,0.7,4.9,5.6,5.6,5.6,5.6,0.5
2023-12-08 13:22:02,0.7,0.8,0.8,0.8,5.1,5.7,5.8,5.8,5.8,0.5
2023-12-08 13:22:03,0.7,0.8,0.8,0.8,5.2,5.9,5.9,5.9,5.9,0.5
2023-12-08 13:22:04,0.7,0.8,0.8,0.8,5.2,5.9,5.9,5.9,5.9,0.5
2023-12-08 13:22:06,0.8,0.8,0.8,0.8,5.3,6.0,6.0,6.0,6.0,0.5
2023-12-08 13:22:07,0.8,0.8,0.8,0.8,5.3,6.0,6.0,6.1,6.1,0.5
2023-12-08 13:22:08,0.8,0.8,0.8,0.8,5.4,6.0,6.1,6.1,6.1,0.5
2023-12-08 13:22:09,0.8,0.8,0.8,0.8,5.4,6.1,6.1,6.1,6.1,0.5
2023-12-08 13:22:10,0.8,0.8,0.8,0.8,5.5,6.2,6.2,6.2,6.2,0.5
2023-12-08 13:22:11,0.8,0.8,0.8,0.8,5.4,6.2,6.2,6.2,6.2,0.5
2023-12-08 13:22:12,0.8,0.8,0.8,0.8,5.5,6.2,6.2,6.2,6.2,0.5
2023-12-08 13:22:13,0.8,0.8,0.8,0.8,5.5,6.2,6.3,6.3,6.3,0.5
2023-12-08 13:22:14,0.8,0.8,0.8,0.8,5.5,6.2,6.2,6.2,6.2,0.5
2023-12-08 13:22:15,0.8,0.8,0.8,0.8,5.4,6.1,6.1,6.1,6.1,0.5
2023-12-08 13:22:16,0.8,0.8,0.8,0.8,5.3,6.0,6.0,6.0,6.0,0.5
2023-12-08 13:22:17,0.7,0.8,0.8,0.8,5.2,5.9,5.9,5.9,5.9,0.5
2023-12-08 13:22:18,0.7,0.8,0.8,0.8,5.1,5.7,5.7,5.7,5.7,0.5
2023-12-08 13:22:20,0.7,0.8,0.7,0.8,5.0,5.6,5.6,5.6,5.6,0.5
2023-12-08 13:22:21,0.7,0.7,0.7,0.7,4.9,5.6,5.6,5.6,5.6,0.5
2023-12-08 13:22:22,0.7,0.7,0.7,0.7,4.9,5.5,5.5,5.5,5.5,0.5
2023-12-08 13:22:23,0.7,0.7,0.7,0.7,4.8,5.4,5.4,5.4,5.4,0.5
2023-12-08 13:22:24,0.7,0.7,0.7,0.7,4.8,5.4,5.4,5.4,5.4,0.5
2023-12-08 13:22:25,0.7,0.7,0.7,0.7,4.8,5.4,5.4,5.4,5.4,0.5
2023-12-08 13:22:26,0.7,0.7,0.7,0.7,4.9,5.5,5.5,5.5,5.5,0.5
2023-12-08 13:22:27,0.7,0.7,0.7,0.7,4.9,5.5,5.6,5.6,5.6,0.5
2023-12-08 13:22:28,0.7,0.8,0.8,0.8,5.0,5.6,5.6,5.6,5.6,0.5
2023-12-08 13:22:29,0.7,0.8,0.8,0.8,5.0,5.6,5.7,5.7,5.7,0.5
2023-12-08 13:22:30,0.7,0.8,0.8,0.8,5.1,5.7,5.7,5.7,5.7,0.5
2023-12-08 13:22:31,0.7,0.8,0.8,0.8,5.1,5.8,5.8,5.8,5.8,0.5
2023-12-08 13:22:32,0.7,0.8,0.8,0.8,5.1,5.8,5.8,5.8,5.8,0.5
2023-12-08 13:22:33,0.7,0.8,0.8,0.8,5.2,5.9,5.9,5.9,5.9,0.5
2023-12-08 13:22:35,0.8,0.8,0.8,0.8,5.3,6.0,6.0,6.0,6.0,0.5
2023-12-08 13:22:36,0.8,0.8,0.8,0.8,5.5,6.2,6.2,6.3,6.3,0.5
2023-12-08 13:22:37,0.8,0.9,0.9,0.9,5.7,6.4,6.5,6.5,6.5,0.5
2023-12-08 13:22:38,0.8,0.9,0.9,0.9,5.9,6.6,6.6,6.6,6.6,0.5
2023-12-08 13:22:39,0.8,0.9,0.9,0.9,5.9,6.6,6.6,6.6,6.6,0.5
2023-12-08 13:22:40,0.8,0.9,0.9,0.9,5.9,6.7,6.7,6.7,6.7,0.5
2023-12-08 13:22:41,0.8,0.9,0.9,0.9,6.0,6.8,6.8,6.8,6.8,0.5
2023-12-08 13:22:42,0.9,0.9,0.9,0.9,6.0,6.8,6.8,6.8,6.8,0.5
2023-12-08 13:22:43,0.9,0.9,0.9,0.9,6.1,6.9,6.9,6.9,6.9,0.5
2023-12-08 13:22:44,0.9,0.9,0.9,0.9,6.1,6.9,6.9,6.9,6.9,0.5
2023-12-08 13:22:45,0.9,0.9,0.9,0.9,6.1,6.9,6.9,6.9,6.9,0.5
2023-12-08 13:22:46,0.9,0.9,0.9,0.9,6.1,6.9,6.9,6.9,6.9,0.5
2023-12-08 13:22:47,0.8,0.9,0.9,0.9,6.0,6.7,6.8,6.8,6.8,0.5
2023-12-08 13:22:48,0.8,0.9,0.9,0.9,5.9,6.6,6.7,6.7,6.7,0.5
2023-12-08 13:22:50,0.8,0.9,0.9,0.9,5.7,6.5,6.5,6.5,6.5,0.5
2023-12-08 13:22:51,0.8,0.9,0.9,0.9,5.6,6.4,6.4,6.4,6.4,0.5
2023-12-08 13:22:52,0.8,0.8,0.8,0.8,5.6,6.3,6.3,6.3,6.3,0.5
2023-12-08 13:22:53,0.8,0.8,0.8,0.8,5.4,6.1,6.1,6.1,6.1,0.5
2023-12-08 13:22:54,0.7,0.8,0.8,0.8,5.2,5.9,5.9,5.9,5.9,0.5
2023-12-08 13:22:55,0.7,0.8,0.8,0.8,5.1,5.8,5.8,5.8,5.8,0.5
2023-12-08 13:22:56,0.7,0.7,0.7,0.8,4.9,5.6,5.6,5.6,5.6,0.5
2023-12-08 13:22:57,0.7,0.7,0.7,0.7,4.9,5.5,5.5,5.5,5.5,0.5
2023-12-08 13:22:58,0.7,0.7,0.7,0.7,4.8,5.4,5.4,5.4,5.4,0.5
2023-12-08 13:22:59,0.7,0.7,0.7,0.7,4.6,5.2,5.3,5.3,5.3,0.5
2023-12-08 13:23:00,0.6,0.7,0.7,0.7,4.5,5.1,5.1,5.2,5.2,0.5
2023-12-08 13:23:01,0.6,0.7,0.7,0.7,4.5,5.1,5.1,5.1,5.1,0.5
2023-12-08 13:23:02,0.6,0.7,0.7,0.7,4.4,5.0,5.0,5.0,5.0,0.5
2023-12-08 13:23:04,0.6,0.7,0.7,0.7,4.3,4.9,4.9,4.9,4.9,0.5
2023-12-08 13:23:05,0.6,0.7,0.7,0.7,4.4,4.9,5.0,5.0,5.0,0.5
2023-12-08 13:23:06,0.6,0.7,0.7,0.7,4.4,5.0,5.0,5.0,5.0,0.5
2023-12-08 13:23:07,0.6,0.7,0.7,0.7,4.6,5.2,5.2,5.2,5.2,0.5
2023-12-08 13:23:08,0.7,0.7,0.7,0.7,4.6,5.2,5.2,5.2,5.2,0.5
2023-12-08 13:23:09,0.7,0.7,0.7,0.7,4.6,5.2,5.3,5.3,5.3,0.5
2023-12-08 13:23:10,0.7,0.7,0.7,0.7,4.6,5.2,5.2,5.2,5.2,0.5
2023-12-08 13:23:11,0.7,0.7,0.7,0.7,4.7,5.3,5.3,5.3,5.3,0.5
2023-12-08 13:23:12,0.7,0.7,0.7,0.7,4.7,5.4,5.4,5.4,5.4,0.5
2023-12-08 13:23:13,0.7,0.7,0.7,0.7,4.8,5.5,5.5,5.5,5.5,0.5
2023-12-08 13:23:14,0.7,0.7,0.7,0.7,4.9,5.5,5.6,5.6,5.6,0.5
